1.1760345544441662,0.46245827585506105,1.0864247691019568,0.301739625070322,0.4463015274021135,0.164093658227412,0.8200522190923298,0.8110097354907555,0.0
1.6384928302992272,-0.2691506366172616,0.7640305948832531,0.2756399314132284,0.41489373738742186,0.5220663270134185,0.7805453055280616,0.7839136683290435,0.0
1.3693421936819656,-0.7546690670845826,0.26374995619372815,0.15661340643158972,0.36340055937291743,0.648236145516268,0.5836198391397974,0.7082790567682915,0.0
0.614673126597383,0.018908013889660014,-0.20564092874087603,0.03394561215628859,0.2968809284935161,0.49163751949216544,0.4215207981387768,0.6585216889216763,0.0
0.6335811404870431,-1.069517457136397,-0.4412951383612082,-0.06026662905208818,0.3250642278277095,0.3271482248369255,0.3919810343465941,0.6915262230779956,0.0
-0.43593631664935395,-0.42697404649904347,-0.482945518961313,-0.1005366110417791,0.3566927575493897,0.2445492294293517,0.3506936030257882,0.7300490097161183,0.0
-0.8629103631483974,-0.11470186784265746,-0.2127507320567963,-0.004160361306776173,0.40317758599755305,0.5619734037133227,0.36963990506527694,0.6974145028830563,0.0
-0.9776122309910549,0.414014309486777,0.0494768566694514,0.21019467081028348,0.44434039218500726,0.49604705217345657,0.4150178547598567,0.6253761928004166,0.0
-0.5635979215042779,0.9889271589907969,0.2735321530534532,0.5866499905403043,0.4865911083099158,0.23660065562725063,0.7961728705468498,0.5391364967989393,0.0
0.4253292374865189,0.489708380386711,0.3207618802570318,0.6079110369897454,0.5957998101055282,0.16644839404360237,0.7513302108392728,0.5363612060367122,0.0
0.9150376178732299,-0.466810037390389,0.28187229687775484,0.590863429733905,0.5454916010501363,0.16436483090980375,0.7601709646776083,0.6016007465157905,0.0
0.4482275804828409,-0.3055633295538866,0.2044300094432439,0.5541475433616155,0.4858710694922804,0.09028652087796948,0.7484987861734288,0.6250732344812125,0.0
0.1426642509289543,-0.47011353641533915,0.3709124849511157,0.5701877123142449,0.49209786151539187,0.2823282257818426,0.7474164211536254,0.6253411239661232,0.0
-0.32744928548638486,0.5583306060765185,0.8997678280271554,0.5598162448307435,0.5231884252790586,1.159659525161565,0.7572526185498603,0.6219787880116211,0.0
0.23088132059013367,0.2969448601105418,0.8950601937224587,0.7103950847075071,0.6044768992916504,1.1713027512103262,0.6941116732819592,0.609233209258867,0.0
0.5278261807006754,0.7528137773215242,0.8998545625900553,0.8139221261405586,0.5006846387452584,1.1650260580779586,0.6912870254018902,0.8914697021832761,0.0
1.2806399580221997,1.5063010082869535,0.9038650772799871,0.8105155333018823,0.4891983183418274,1.1621063444089934,0.6933406940726267,0.8933529648607852,0.0
2.786940966309153,-3.137928423319021,0.7694629396773746,0.6784861135597309,0.394174238347646,1.1330833840441543,0.726086093164797,0.9145028772974287,0.0
-0.35098745700986833,0.6058406219379845,0.2198646616343317,0.3865322260795275,0.3232549714536178,0.1237115541026621,0.2620765632246392,0.6706776588254652,0.0
0.25485316492811616,0.29302558922221855,0.5257299756925555,0.5836885832213111,0.4583403609544015,0.1487181903785842,0.3210988376008699,0.8352302433665668,0.0
0.5478787541503347,0.060750515858801535,0.7279896896910619,0.5001197723663676,0.420195213154894,0.20277922545752863,0.43891332267775407,0.8784003354143058,0.0
0.6086292700091362,-0.5696796939151965,0.7171659893237774,0.41759459562294515,0.3972371737922851,0.20714676901441983,0.4923243290209364,0.8825519677501716,0.0
0.038949576093939786,1.1393895371873106,0.5875092874420874,0.4140080107165387,0.4390620926443014,0.3025352365045599,0.4910697771830466,0.9334720351932034,0.0
1.1783391132812504,0.08781262163939818,0.5531997905247232,0.48656060572737336,0.4078582493374888,0.3448854182704293,0.48402176314316014,0.9769420486414733,0.0
1.2661517349206486,-0.7723914826067361,0.6416471907500666,0.49855871387579376,0.3948643917625343,0.48676108444981087,0.5019174212321996,0.9601269777797329,0.0
0.4937602523139125,-0.5334144917132266,0.2722498550416733,0.18744715134995787,0.3297830984924944,0.5711980214548534,0.8954169319452199,0.9271938835149562,0.0
-0.03965423939931412,-0.09294366909356688,0.11802320192211299,0.1678811033817726,0.3301512552213899,0.5980158491797349,0.8868757303895711,0.9273171973482489,0.0
-0.132597908492881,1.7531740229008483,0.24050673399099,0.109862363135561,0.46496613362084355,0.6193989318107425,0.9412531766568362,1.1729326090900987,0.0
1.6205761144079673,-2.2014110580292856,0.41992142093002344,0.2599777168277081,0.5050819574209566,0.6142765461149804,1.0712707325203068,1.1555653685087368,0.0
-0.580834943621318,0.30346193033742896,0.35547023700152086,0.3329921386874918,0.4146521979942017,0.47612513358618946,1.3179372954813142,1.109190918401799,0.0
-0.2773730132838891,0.85013643422896,0.10264444765824252,0.34027065394342043,0.42057453960827135,1.2052528453287366,1.3051114778205608,1.0980660970253582,0.0
0.5727634209450709,0.19171210525721538,0.217739004841432,0.37687975196162493,0.5158405468523423,1.170763990923485,1.2719507572322237,1.137521374354066,0.0
0.7644755262022863,0.5338446685631678,-0.02078200771986798,0.46411617457206394,0.5304937719510403,1.2289715182305083,1.3746188791608742,1.1432692048388264,0.0
1.2983201947654541,-3.143284085103164,0.1000340127253927,0.3291558929476043,0.520320567455827,1.4771009419616947,1.4574742123371454,1.14047490407486,0.0
-1.84496389033771,2.143063662969769,0.31051404037346275,0.2911700696492747,0.5727704702600682,2.158738927568809,1.3968315094502095,1.274355767522424,0.0
0.29809977263205895,-0.9179414144934883,0.5778968602285982,0.4721190456350309,0.7879255142148917,1.2920376824854132,0.9184517913867669,1.113522448116259,0.0
-0.6198416418614294,1.9883972702900192,0.5360204990818178,0.4924214070610072,0.8772287844428714,1.3224859687530155,0.915095459950822,1.1775627743806938,0.0
1.3685556284285898,0.9821647045772148,0.9490143568639958,0.8200699041061259,0.9616141444236257,1.0500137457112007,1.1524146658976333,1.0601980113027827,0.0
2.3507203330058046,-2.8587701240678376,0.5582777731698159,0.750186198014205,0.97135317031555,1.3328538107194734,1.1197078269835805,1.069926562482375,0.0
-0.5080497910620327,0.5967677579601894,0.2718260989250868,0.4963122573009116,0.9043870116233886,0.634175712924853,0.8871078107503324,0.9703895836491222,0.0
0.0887179668981567,1.3564096801513044,0.3663412310414634,0.5008784252731223,0.9560516044851146,0.5224880081677387,0.878123288124409,0.8751590118975923,0.0
1.445127647049461,-2.0302549370917715,0.4488223150401966,0.6548013417430595,1.0606516263380514,0.5039031894985498,0.9644717864425886,0.9015949038678889,0.0
-0.5851272900423106,1.50358925182447,0.6911254513482562,0.5968713693300164,1.0347683042017721,1.221562242290013,0.9031075596491677,0.8944208514037901,0.0
0.9184619617821594,-0.9539360922623089,0.9420946228585944,0.7114852419640499,1.1393776500798094,0.832904156195178,0.7503877302529054,0.7634276040502004,0.0
-0.03547413048014947,0.536597517371972,0.7207984156767365,0.8543708708708614,1.1777547246772244,1.0392518379711402,0.9932824543463201,0.7744546055895793,0.0
0.5011233868918226,2.1555199416979365,0.6354156195047811,1.1037319827947525,1.2612214685737642,1.197558054817625,1.1091256536519847,0.7042933307040747,0.0
2.656643328589759,-1.986924761080378,0.8607803684459224,1.2620361618247353,1.2941621111931656,1.34018566450371,1.1438766534355487,0.6748337249627231,0.0
0.6697185675093807,-0.8577376416365111,0.5026172873117767,1.1031583847411253,1.194744937010981,0.5668852130541205,0.9279118127738156,0.5917173758680249,0.0
-0.18801907412713037,-0.2743690372127956,0.4808758610695052,1.1925201426168948,1.2777197322992584,0.5615099311975025,0.9223156387072823,0.6354009812168387,0.0
-0.46238811133992597,2.090335242937455,0.9879433260649865,1.3124617659458657,1.3740649557149618,0.9116298691483273,0.7206213463172122,0.5293327550938192,0.0
1.6279471315975291,-0.7621192086784995,1.5720483460847234,1.4112247836971068,1.4729582103906032,0.5820528202360562,0.4578294895228704,0.3519247539600598,1.0
0.8658279229190297,-0.304816486621006,1.6632919552035481,1.4665019109330433,1.4873961114386482,0.6255552189272666,0.509289114281517,0.36036079012270716,1.0
0.5610114362980236,1.786306814552252,1.703699482170474,1.4726652390735275,1.4665689035459255,0.5676391930902175,0.5022266920182556,0.3944935290698369,1.0
2.3473182508502757,0.11081873790848373,1.9041644241642839,1.5672700581955692,1.5387065692571862,0.2702461792988622,0.4102836520012878,0.362716938831629,1.0
2.4581369887587594,-0.37397181156710735,1.6369802058267449,1.5011385784835873,1.514352484877122,0.3189883878406573,0.3464725230275284,0.33460025167701596,1.0
2.084165177191652,-1.016299619437992,1.25040122130949,1.4187109543527758,1.4649835827413573,0.28187772237159736,0.24985513149428945,0.2877215235219718,1.0
1.06786555775366,0.4954705885134132,1.2697118666625387,1.326288060561596,1.4542527939246146,0.31557036658779314,0.20372664324425158,0.27662075640741246,1.0
1.5633361462670732,-0.5519389871044931,1.2416309959765806,1.2863314892808366,1.4963913671922318,0.33006054797953566,0.2387467458488764,0.2777946704688653,1.0
1.01139715916258,-0.4861550929900955,1.230375692226854,1.362919321981622,1.5174786375262275,0.32332549706078834,0.3339683835623089,0.2890668222091082,1.0
0.5252420661724846,1.6554763377844115,1.3652969511404296,1.4356681454840574,1.534811392141063,0.33705076277592483,0.3304542578909716,0.27723131331815154,1.0
2.180718403956896,-1.2532571996330275,1.5870206873960615,1.5346916370840997,1.5718325649343416,0.16117620814277728,0.2383979864546065,0.2285212098560045,1.0
0.9274612043238685,0.5795984231945729,1.382864254460653,1.5082903119442534,1.5558942783455334,0.08548118846850267,0.21055933073436056,0.2139385664599404,1.0
1.5070596275184414,0.17894382621201577,1.3310319825850925,1.4604725680183237,1.5783334046523767,0.14343667551492947,0.286686035507688,0.19530236161207534,1.0
1.6860034537304571,-0.052142706279812545,1.4954629517363902,1.510143080318803,1.6024865932024912,0.30947564248669135,0.31351847986130404,0.20294353748209595,1.0
1.6338607474506446,-0.47392450817079057,1.5060393398276855,1.527566391270656,1.605333537257485,0.3139535430193211,0.3223787656821492,0.2035730698598326,1.0
1.159936239279854,-0.49163639433378825,1.482362586772138,1.511256211129939,1.6875043534741816,0.310143105753332,0.3213056032736787,0.33655009586839235,1.0
0.6682998449460658,1.6609146283288632,1.6337163694278538,1.5822175272876329,1.7604170729395872,0.30417408120845973,0.3167649236012364,0.36062627258708146,1.0
2.329214473274929,-0.5903290790879954,1.589913153451555,1.706451245103627,1.8220851252557722,0.39642566518585126,0.2285922904725537,0.2981848127374216,1.0
1.7388853941869336,-0.2234084120140265,1.524823208901216,1.672037953070833,1.7623539067183323,0.3171303048855244,0.19638809681267372,0.30539045580223917,1.0
1.515476982172907,0.40122817038552516,1.5490934427136267,1.6339546387980683,1.7549149582395063,0.32987716045732074,0.20434960202994779,0.30679103904837246,1.0
1.9167051525584322,-1.4674213874938593,1.54014983548774,1.6089734927845831,1.7629343977428011,0.33079841773696594,0.21588553621424875,0.30417263910965076,1.0
0.4492837650645729,1.5544809854586612,1.5307186851474124,1.6034982447468136,1.7167677813747726,0.3240515045104465,0.21278552695125183,0.3304702610878417,1.0
2.003764750523234,-0.1435281872742462,1.822989336755699,1.69619424128643,1.910434412957569,0.03359666214744254,0.07613633409230479,0.5521600606240874,1.0
1.860236563248988,-0.38947761720551455,1.8192526972404495,1.6948301060861795,1.8731485406783075,0.032301526937971566,0.07531394635948806,0.5716147436924629,1.0
1.4707589460434733,0.39879045481332054,1.7188158348825098,1.6831006832443136,1.8645264686314864,0.06441919840081065,0.07267191604764252,0.5732498620930189,1.0
1.8695494008567939,0.04108762224921092,1.6777971500814264,1.8637524958184244,1.8928920349359923,0.09149926308410486,0.2896677731035132,0.5661984862356874,1.0
1.9106370231060048,0.07444452984098238,1.6762778043462145,1.9386166185915408,1.830631196076552,0.0909258208010916,0.3409774654318008,0.6427569792477505,1.0
1.9850815529469872,-0.6270293014876966,1.5693991458171612,1.9377190054079179,1.825801507001115,0.086522013567045,0.34103494652420796,0.6424273647449421,1.0
1.3580522514592905,-0.09238672942123438,1.5704075149319094,1.8526698603658325,1.8982587390870354,0.08736440340191928,0.39807887182528984,0.7652603064059591,1.0
1.2656655220380562,0.5962871501426781,1.6473855316061168,1.875875277680945,1.8337625726187035,0.07837348958139562,0.37996967830804745,0.9139781558056868,1.0
1.8619526721807342,-0.48570894171999757,2.049707841555422,1.9168953027010194,1.933329813534088,0.41867750190658876,0.34505182149394586,0.9892095178152636,1.0
1.3762437304607367,0.6138796680599925,2.200955432836867,1.8300373180027318,1.9370865051842647,0.45338580314322235,0.42249501936860645,1.0409909220045555,1.0
1.9901233985207292,-0.2471810636904006,2.306038864998676,2.124674584628709,1.9682444371133494,0.3242288415434606,0.936386084840511,1.0803782332849563,1.0
1.7429423348303286,1.534334736954254,2.134932205799756,2.051466975270436,1.9669574393835034,0.5494492769489419,1.0043206127946633,1.143900079529605,1.0
3.2772770717845825,-0.6590864431966237,2.104365023755774,2.0459522540186597,1.980958383418077,0.5771507389120203,1.00799717693169,1.2120613851245983,1.0
2.618190628587959,-0.71652973731818,1.7840827638466163,1.9220315740535607,1.8945371375269768,0.2361478001273984,0.8410309738878927,1.1733673696043176,1.0
1.9016608912697788,-0.7670707887436503,1.4591192031685967,1.7226457735615632,1.8428476024511922,0.11644373976977314,0.921214790112219,1.2171022040307933,1.0
1.1345901025261285,0.4555163220842917,1.9433103042587425,1.7138840085943123,1.838323503311301,1.4827573237493301,0.9187687300664029,1.3104389058723147,1.0
1.5901064246104202,0.085759347628376,1.9680017447411164,1.9438476178082382,1.8969679533767323,1.44525905922576,1.1282850492605152,1.374932918223142,1.0
1.6758657722387962,-0.6824929470409363,1.9875394842815453,1.7916498675564623,1.9248644559918517,1.4320195116146373,1.4444396734480074,1.490588241581927,1.0
0.9933728251978599,3.3292435715226474,2.0599803842605056,1.9497643243671567,1.9497643243671567,1.4078543991733643,1.632827027843937,1.632827027843937,1.0
4.322616396720507,-3.064569091782509,1.9861723439545294,2.056030046497079,2.056030046497079,1.5870933338485063,1.7013282161619918,1.7013282161619918,1.0
1.2580473049379983,0.4297478173745666,1.4844577129298822,1.7727067527191502,1.7727067527191502,0.24950728609887035,1.1915454440076714,1.1915454440076714,1.0
1.687795122312565,0.35027514982103103,1.9196934908753605,1.8462295309736008,1.8462295309736008,0.8101441955994915,1.3185214303450281,1.3185214303450281,1.0
2.038070272133596,-1.4137376484656146,1.5957602508313788,1.87263526575044,1.87263526575044,1.3801143513999776,1.5333941622654663,1.5333941622654663,1.0
0.6243326236679814,1.1897106179292887,1.8395482644738088,1.8395482644738088,1.8395482644738088,1.8335044967976806,1.8335044967976806,1.8335044967976806,1.0
1.81404324159727,1.6201829530681193,2.1433521746752655,2.1433521746752655,2.1433521746752655,1.8303965417286265,1.8303965417286265,1.8303965417286265,1.0
3.4342261946653894,-3.3660972725727314,2.2531218190345976,2.2531218190345976,2.2531218190345976,2.392331223013738,2.392331223013738,2.392331223013738,1.0
0.06812892209265775,3.1888814182530876,1.6625696312192018,1.6625696312192018,1.6625696312192018,2.542241174919956,2.542241174919956,2.542241174919956,1.0
3.2570103403457455,0.0,3.2570103403457455,3.2570103403457455,3.2570103403457455,0.0,0.0,0.0,1.0
1.3718249646543144,0.8383276385509384,0.9128187357963503,0.9019735105151913,0.584708503683291,0.7656412325790561,0.6588576361649652,0.6544726964803553,0.0
2.2101526032052528,-2.650687697561641,0.8955247422564966,0.7754606583898972,0.5290889691259364,0.7509614599160377,0.6840226568641398,0.6256917139402328,0.0
-0.44053509435638816,1.2559729593690034,0.7408159807260183,0.5639969326381677,0.4024141857566308,0.43993176701152736,0.47970421473006375,0.5046784846777529,0.0
0.8154378650126153,-0.20822452454665785,0.7318244291257555,0.8030463058667058,0.5282769972942176,0.461499517311507,0.5137401374165927,0.5934740511553103,0.0
0.6072133404659574,0.6781416564890881,0.8701142949838371,0.7824465128213036,0.48905195756312975,0.5611216469731464,0.5170487735703821,0.6001797293605776,0.0
1.2853549969550455,0.15125379859781551,0.8911282852340323,0.6456033323128614,0.479593960776032,0.5518388019280762,0.7335422073067562,0.59964420976214,0.0
1.436608795552861,-1.9221016479105635,0.6553965745232976,0.5100560094924449,0.4403302311328674,0.58825308534279,0.7254666469964903,0.5656610116434211,0.0
-0.48549285235770245,1.9923800466607267,0.38717788455031743,0.4293480381640693,0.4405074225806544,0.4569467109152132,0.6345302453367861,0.5660146722652527,0.0
1.5068871943030242,-0.794603902586091,0.8742681826076563,0.47435245085186634,0.5303807568950825,0.5558356460686721,0.570415065827721,0.5530363158907444,0.0
0.7122832917169332,-0.6055868483155611,0.6947787306587704,0.3399817849350938,0.43811192563660145,0.45760462010902303,0.4554295864385011,0.5345913077130318,0.0
0.10669644340137208,-0.011181097713411803,0.4000783793916908,0.2674434968513909,0.43783324019951325,0.7946806076715502,0.4487735876756541,0.5344399682249296,0.0
0.09551534568796027,1.8544432922410317,0.3647154444615923,0.28271727986197603,0.3983226198751189,0.8204324489632155,0.44596275247477096,0.5902675019823349,0.0
1.949958637928992,-1.3405187033703974,0.4715181917778211,0.24083143887509348,0.418946369389478,0.8085571360467443,0.47743478644587595,0.5858589010710008,0.0
0.6094399345585945,-1.3706583991770591,0.0744367190960763,0.25350768872172935,0.42190384013441795,0.2651293005752319,0.5222116190272212,0.5950809350906369,0.0
-0.7612184646184648,0.6911002333693445,-0.014815160788582759,0.1956574023049556,0.4175536431174212,0.20149280737828015,0.5111499550404897,0.5938088572411974,0.0
-0.07011823124912031,0.6996473135182245,0.13480861431109095,0.31358458923920224,0.4900488257792889,0.06768254354679973,0.4106279893414174,0.5227537373815154,0.0
0.6295290822691042,-0.6649778077488363,0.20071911526235975,0.37060445277328985,0.45539398149997634,0.05804565799091492,0.39613200795465386,0.5843969480534007,0.0
-0.0354487254797321,0.19862926061503128,0.010144685972365907,0.4516668069972396,0.42112631144315793,0.03987968091539954,0.4972500354726052,0.5947737307078023,0.0
0.16318053513529918,-0.1762801242553954,0.4325786583473824,0.5864090629382988,0.5395312530496473,0.7151611131538675,0.5293792237976234,0.7530271232760187,0.0
-0.013099589120096233,0.27253386262731993,0.4061299653984939,0.5362420663381091,0.4962012831546641,0.7322097030723722,0.5944939799593671,0.8213138933612896,0.0
0.2594342735072237,-0.5827773376880887,0.49236056416731355,0.6082229835476356,0.532899982067143,0.6896517367130419,0.5620410194977269,0.809521630161848,0.0
-0.323343064180865,2.400064200576215,0.54048979028422,0.5139279598882618,0.5070415180559119,0.6764963021159878,0.7078430622107901,0.8363689795874354,0.0
2.07672113639535,-2.0457840660044933,0.8931889280221134,0.5970612999038625,0.5525117519340539,0.5647368233212045,0.6308331587518375,0.8001367184709421,0.0
0.030937070390856802,0.387116334333145,0.740239467529215,0.5902999915471066,0.4636360025378078,0.29626974768816905,0.6112357235328421,0.6792852936935072,0.0
0.4180534047240018,0.08202699936775398,0.6663541672777242,0.6394498839298867,0.4894731034235383,0.42291993922452054,0.5779918760684976,0.6696094816288589,0.0
0.5000804040917558,0.9400722204168465,0.7240854029279579,0.6665130623193755,0.4519474676550896,0.4075821018330886,0.5726002318662619,0.7017249142857407,0.0
1.4401526245086023,-0.1281787905777434,0.48736612949230357,0.5401835102266628,0.4547728868004164,0.7377787606376254,0.75828335978876,0.7021485825995875,0.0
1.3119738339308589,-1.6504632647974566,0.30093367178561137,0.3905858158890761,0.4398297269324615,0.5215463499125883,0.6904319822056216,0.6769418712070995,0.0
-0.3384894308665978,1.0451990138417675,0.440360515564998,0.49265344316099585,0.3937963128965614,0.8812380064619367,0.972279964634501,0.6369087586024558,0.0
0.7067095829751696,-1.3902255460616852,0.6125456005820492,0.4561604999712191,0.46516903982333657,0.7316161319875528,1.0449272781273247,0.6291655545888153,0.0
-0.6835159630865155,1.1915062990616572,0.6089407217107932,0.45757698058665036,0.4042249951825225,0.730989213093134,1.045655131721908,0.6702939942664409,0.0
0.5079903359751418,1.50111771685265,0.5930008909610219,0.500155076223562,0.5740777974739855,0.7732086075246183,0.9648000508018599,0.8489318088870395,0.0
2.009108052827792,-1.4866720586091333,0.4802379599925408,0.5079622039642453,0.5977657274956133,0.8432426006139583,0.9654709537414181,0.8564621011059372,0.0
0.5224359942186585,0.16624919440023045,0.5449463707569938,0.33697201352850875,0.6220196106536109,1.0578528222539443,0.7152473316306767,0.9360999309316181,0.0
0.6886851886188889,-1.45190030545426,0.29977539936038905,0.3394963229171899,0.62513618709553,1.3093258248809778,0.7162410178071215,0.9356637589513017,0.0
-0.7632151168353711,0.7073907979681071,0.3062132394625076,0.23738187299080354,0.6335213334909365,1.3144990860964891,0.7387728078779419,0.9380653972347875,0.0
-0.05582431886726402,2.388474425517321,0.40730926148610214,0.36936226337416994,0.7605837443974794,1.1391508034505762,0.6314238562222945,0.8898722647180529,0.0
2.332650106650057,-3.0360689694144227,0.5356864479359498,0.4890736379758468,0.7983201361759837,1.0861620394612728,0.6586018346588796,0.8553123456898307,0.0
-0.7034188627643656,1.4242932518938476,0.12899765630002374,0.29493918263212693,0.8638320124167315,0.2861351744782059,0.28199208816217197,1.137890328609244,0.0
0.720874389129482,-0.9786093958468807,0.3792172464739907,0.47417757967545393,0.9978741517728963,0.12000070719685452,0.21324152346977115,1.0591136155154248,0.0
-0.2577350067173987,0.8437966200993734,0.16855050651909947,0.35087300977839464,1.0275239210366165,0.15357101563867048,0.2892399881178488,1.059390724948905,0.0
0.5860616133819747,-0.28685546491154834,0.33141526526223775,0.6480005187244089,1.1746616540455468,0.12081695966259871,0.7221344295380834,1.0925112920556148,0.0
0.29920614847042637,0.2484729396350428,0.44246082801574377,0.6875692510269813,1.236205958537663,0.22669612175173284,0.7313239027931587,1.0920276586952204,0.0
0.5476790881054692,-0.8801383987504434,0.4608807089642301,0.907067207778713,1.330950001326089,0.22277582152328185,0.9944482649789703,1.085029597733713,0.0
-0.33245931064497425,0.8890480976432671,0.5691379128769173,0.9107760512738702,1.3693398366627083,0.28844740997922197,0.9919062360798409,1.0528921246549894,0.0
0.5565887869982928,0.5847006401512118,0.5331955130376898,1.0296607939910696,1.5366760237595827,0.35842597020755573,0.8235050422609609,1.0153735543549136,0.0
1.1412894271495047,-0.7499838739366466,0.96458577218658,1.1518052254207887,1.564807285954237,1.1229994539941537,0.8422121787856678,0.9752673626336046,0.0
0.3913055532128581,0.6976595544560465,0.9326776740382187,1.1075666343761206,1.5908083636499106,1.1157954057724733,0.8607560634226873,0.966088585914423,0.0
1.0889651076689046,-1.6011364175100158,1.3532537065931958,1.4327248422013361,1.6462959444333094,1.3679559249860058,1.3465104654956463,0.8914721285290332,0.0
-0.5121713098411111,3.2257113925838556,1.252414189670823,1.5215707238703389,1.6322530297669064,1.4619318269657886,1.3564695083078555,0.9108720928865377,0.0
2.7135400827427443,-1.7317911463350466,1.5261260749444492,1.7041748322948382,1.7411877329815209,0.7956285639301296,0.9138285503667974,0.669136256608414,1.0
0.9817489364076978,1.512436779580046,1.3390246786549975,1.7013227893666847,1.7525671505932423,0.4913226562385497,0.9081442516576461,0.6937261952742134,1.0
2.4941857159877436,-1.909418192930703,1.2824555947140226,1.7848426660483447,1.7708336444941513,0.544544424176757,0.8507269409409602,0.6719055340471608,1.0
0.5847675230570406,0.27162059346997924,1.5121959778094767,1.7548327948734652,1.759945217294756,1.3124336832155912,0.8162576851574009,0.6584058003978355,1.0
0.8563881165270198,0.9216449847684657,1.7907272580698546,1.827903622051546,1.8249361676723375,1.1061167098453324,0.6933165226898572,0.5859066189643914,1.0
1.7780331012954855,-1.0791295845926618,1.8822235896452273,2.043691253528096,1.9512620885898806,0.9686258168154298,0.6931131800144297,0.6444076975543849,1.0
0.6989035167028237,2.943984114762189,2.0636209000783716,1.9778093464876854,1.9717411598918246,1.0624460050262265,0.7671811424717936,0.6452810148560658,1.0
3.6428876314650127,-1.6654637071060827,2.2872297373826664,2.0740500929237005,1.9950306037798906,0.6521239188174093,0.6043759705831129,0.596299218852421,1.0
1.97742392435893,-0.6635541499550468,1.9974696119374538,1.8598670466652827,1.9196616951868744,0.20233643710932386,0.34520856014526047,0.4558338227320486,1.0
1.3138697744038832,1.3711498790573264,1.865079986033238,1.7429353356634745,1.955410536452812,0.2777521714565837,0.4407735317880571,0.48424530164101204,1.0
2.6850196534612096,-0.8680719502369123,2.205158917410965,1.7782006336682046,1.9558922331343367,0.36545693025384746,0.42170405321554644,0.483631654130895,1.0
1.8169477032242973,0.3771393010146511,1.891997792896999,1.8038115118198,1.9607060894988972,0.4571890344580659,0.47405616977574516,0.49109177452560127,1.0
2.1940870042389484,-0.8786112094010974,1.8608704484647347,1.756824622939958,1.9372805439467726,0.4657369007255142,0.4926916217835496,0.5082533792818308,1.0
1.315475794837851,1.6987886364546674,1.7222644813931118,1.7650576397160473,1.877498031952077,0.45021175124223295,0.5005016419122426,0.5454533347638895,1.0
3.0142644312925184,-1.895050400401138,1.620790685293711,1.82196871329313,1.9928651627468326,0.5739562608916271,0.4784791036679402,0.6686574713749243,1.0
1.1192140308913805,0.5420969501715951,1.3512423499254438,1.8588329236516654,1.9121779690748504,0.11336442406411831,0.5786159140319882,0.6275278314103302,1.0
1.6613109810629756,-0.16025381218214063,1.7156252307426008,1.965672973295964,1.9808365119367384,0.4753696647529707,0.5233072414632138,0.6082062489853641,1.0
1.501057168880835,-0.6929503545399875,1.6527787974151817,1.9160111146360812,1.9668048906055056,0.4979952752233204,0.5757343077926318,0.6209140130416073,1.0
0.8081068143408474,0.858415940110334,1.807850798038983,1.9794563437084662,2.007719732659934,0.5471290237837485,0.5593082853351954,0.6146084858048955,1.0
1.6665227544511814,1.274605680525983,2.0231467412925475,2.167885737242149,2.0195379920356737,0.30205674854478404,0.4374256495930286,0.5889075664053026,1.0
2.9411284349771645,-1.5940496205512844,2.366423497377887,2.1335838326004697,2.1097595423945226,0.5285710229284286,0.4824106460045785,0.6798670371688942,1.0
1.34707881442588,0.9293383575739604,2.215720715849327,2.1176006671779954,2.047419871601143,0.4461970710613909,0.45889556226525235,0.6500509675638889,1.0
2.2764171719998405,-0.39183064139116897,2.17924343185698,2.117736464953588,2.1269961222308433,0.5148908347029748,0.4586864579272764,0.6589051502011289,1.0
1.8845865306086715,1.498320004269207,2.1510618893779503,1.9899384241881068,2.059678955003234,0.5125906202775998,0.5651193440031521,0.724888365679329,1.0
3.3829065348778786,-1.195292007543514,2.3126247331917513,2.1637616122005365,2.08115377770713,0.5308957967442753,0.8004246462101436,0.7261304003311034,1.0
2.1876145273343646,-1.0229221328702192,1.9007441678230517,1.9655230144980358,2.0388707729826114,0.3278216500934081,0.6707483610462684,0.650015561650031,1.0
1.1646923944641454,0.9708170651405452,2.0194806185066634,1.9960000505775137,2.0291516631087423,0.4523389655665849,0.6926453906992941,0.6489190087049044,1.0
2.1355094596046906,0.5568912900729854,2.056229498050196,2.017598666574931,2.121093623695158,0.394915867196268,0.6609337029361187,0.6505720069053446,1.0
2.692400749677676,-1.3688970416432935,1.8288149589982634,2.0359831216114017,2.033637679643669,0.5657265256591391,0.6683110479645518,0.7933728066766313,1.0
1.3235037080343826,1.4577930727180404,2.0148984912093213,1.871190246829198,1.9557219051389427,1.025633038093522,0.6963753762018859,0.806063227459765,1.0
2.781296780752423,-1.4328599885706148,2.0303018611730197,2.085935252188576,1.9675031819495588,1.0052824740460469,0.8761882347255755,0.7938037234726493,1.0
1.3484367921818081,-0.35000002783677986,1.972519482648364,1.9772390760242922,1.924671939907303,0.9318491416914524,0.8313556847269254,0.7988925609156684,1.0
0.9984367643450283,2.6243816463879357,1.9789678350996642,2.1362557795080988,1.9566850036698302,0.9239668563950285,0.8589523599691968,0.8238035921887296,1.0
3.6228184107329637,-2.2222978528800885,2.24315128422454,2.129419485818361,2.0130525471595244,0.685058275068957,0.8749299040787545,0.8150712277602344,1.0
1.4005205578528752,1.0918643302762696,1.7274820024490751,1.9985459432137234,1.9124421806861849,0.3258135953046157,0.6381880458126832,0.6939316001829531,1.0
2.492384888129145,-1.1117063336908342,2.141568643204132,2.112218531467186,1.9465702888750722,0.7409038470133247,0.6185229749043704,0.7215580625649782,1.0
1.3806785544383107,0.9386754555310948,1.98195866940022,2.062303275639971,1.9075835317854957,0.7308176786391305,0.6029945678836736,0.7502984157513378,1.0
2.3193540099694054,-1.2748820081137666,2.293543723916534,2.2245885808153862,1.9481146838891255,0.7444588686309037,0.6187878985759347,0.7850148384295749,1.0
1.0444720018556388,2.426481759772522,2.0156876874121825,2.031292237675937,1.917178073382435,1.0389316891511446,0.9184235631926627,0.837990781326685,1.0
3.470953761628161,-1.7766187425185773,2.2696098839783723,2.040253563448688,1.9965149889757803,0.8036111763550288,0.9014598762044533,0.838639607336906,1.0
1.6943350191095838,1.244268807910296,2.0828684197302403,1.849071111710542,1.849071111710542,0.4944192446774739,0.6833669016975239,0.6833669016975239,1.0
2.9386038270198798,-2.0085299995722314,2.1426478818797214,1.8662640108884263,1.8662640108884263,0.46226094562457537,0.7563405996202843,0.7563405996202843,1.0
0.9300738274476481,1.3840091572389392,2.1556334377142377,1.7322215338719944,1.7322215338719944,0.4836073050007662,0.6891767037705143,0.6891767037705143,1.0
2.3140829846865874,0.22316345570091567,2.0468967879396915,1.846814063361187,1.846814063361187,0.7974284332563127,0.6825789360770222,0.6825789360770222,1.0
2.537246440387503,-0.5440141105305134,1.810897242919004,1.7689359098069533,1.7689359098069533,0.8940999325200474,0.753887044482742,0.753887044482742,1.0
1.9932323298569896,1.0102992763354717,1.6152738036908432,1.6152738036908432,1.6152738036908432,0.7629921962430585,0.7629921962430585,0.7629921962430585,1.0
3.0035316061924613,-2.6171410276175475,1.5207841721493067,1.5207841721493067,1.5207841721493067,0.9090987929595463,0.9090987929595463,0.9090987929595463,1.0
0.38639057857491377,0.7476946810082379,1.0265350274682552,1.0265350274682552,1.0265350274682552,0.23500285587425773,0.23500285587425773,0.23500285587425773,1.0
1.1340852595831517,0.42504398466354854,1.346607251914926,1.346607251914926,1.346607251914926,0.04516559722466672,0.04516559722466672,0.04516559722466672,1.0
1.5591292442467002,0.0,1.5591292442467002,1.5591292442467002,1.5591292442467002,0.0,0.0,0.0,1.0
0.7885169593087804,1.404178943427318,0.8856609586639121,0.7950653431093878,0.8726971605998888,1.064723506306082,0.7343025213998596,0.5561169465052541,0.0
2.1926959027360984,-1.4638767409751083,0.6948867034672149,0.8205870885834916,0.7492988808501356,1.2473679203371077,0.7398305044590126,0.8662079040206441,0.0
0.7288191617609902,0.8605173341123656,0.39552329350791415,0.7921403028112305,0.6212376769380522,0.7090631865038639,0.6690493100611075,0.8081153503298115,0.0
1.5893364958733558,-2.4604002222330195,0.604733233288869,0.8620992197711042,0.6033840778183693,1.023595999169401,0.7042378037238175,0.8103301859533539,0.0
-0.8710637263596634,0.7057094096849575,0.42671694354948153,0.8654651112812489,0.5206581853817008,0.799804357478539,0.7092353703017271,0.7772304908953955,0.0
-0.1653543166747059,0.8612331696142999,0.7044697275548633,0.9891409717194385,0.5455809074201633,0.38746640537823096,0.4173634400559278,0.7196611935753832,0.0
0.695878852939594,1.0789900077261705,0.9462874736997685,1.0252104705417486,0.5370325563164566,0.2006919149441567,0.3457883858733709,0.7332042532157461,0.0
1.7748688606657645,-1.0756138134893463,1.188757312114547,1.073468143487081,0.49220336128883596,0.3144253294809375,0.3349620578706547,0.7571458278039429,0.0
0.6992550471764183,-0.18155485350917255,1.1194652062533392,1.001650236416896,0.35347361465276145,0.25240510628228613,0.2806361008035306,0.7669310177416313,0.0
0.5177001936672457,0.5260342203825742,1.3042132790130165,0.9244864783893985,0.3473224947378591,0.23366647374894897,0.38089220920232914,0.7633960208779745,0.0
1.04373441404982,0.8644936309636657,1.2738122158840137,0.9503289780903895,0.299097796831865,0.2851850402252104,0.36587797343689166,0.7911500030307617,0.0
1.9082280450134856,-0.47981971365375875,1.104133467383729,0.6780106731167793,0.2337377731955541,0.4784271779415466,0.9824212864586073,0.7749777903321485,0.0
1.428408331359727,0.1945870796150766,0.9581789748596149,0.4503350510648737,0.21860525929076982,0.3289156014547473,0.8887659755378202,0.7286501622532178,0.0
1.6229954109748035,-1.2573005329525717,0.8838352665804523,0.3446689358656342,0.1032344363951709,0.2811063610896508,0.7825555188316425,0.7023963190573249,0.0
0.3656948780222319,-0.1703542064738347,0.5447596777657806,0.17585125948215263,0.10911631572083817,0.2397330584320116,0.607441979192471,0.7209317539536291,0.0
0.19534067154839718,0.9831149108445179,0.6268457402967653,0.10202084312088815,0.11717545099887725,0.23728809638168014,0.6284678858124837,0.7263014002068575,0.0
1.178455582392915,-0.12176579242900076,0.25188787884982927,0.04885464209116459,0.12224593779252631,1.123254123387921,0.6439847686834079,0.7275825585340623,0.0
1.0566897899639143,-1.12907232306247,-0.05750887272986751,-0.08906142090940888,0.02323045733976582,0.9328054477504152,0.503592103689285,0.7046975897126975,0.0
-0.07238253309855558,0.8485077237757114,-0.19449739484918388,-0.29470300711137287,-0.05152355144074303,0.7026040122206731,0.41296006867660084,0.6563622084085,0.0
0.7761251906771558,-2.4555738263634384,-0.19305715880147523,-0.2298414889136804,-0.026779093111159512,0.702964057791874,0.479663304504591,0.6669633961461069,0.0
-1.6794486356862828,1.3109204601807136,-0.4228040540549891,-0.35213338442665937,0.04870569558449728,0.4687653298519473,0.36821792973788536,0.8964386297194356,0.0
-0.36852817550556916,0.7402753548729013,-0.15417859466750014,-0.21053512672567085,0.14588239694103694,0.08227042352149497,0.17277747499686041,0.7399888694678372,0.0
0.3717471793673321,-0.43692853222734424,-0.12061396908895028,-0.01312453248333414,0.1293423506024617,0.07238763303491016,0.46113695617727657,0.7622035084032389,0.0
-0.06518135286001214,-0.30742793273040137,-0.39490861937356175,-0.13820006307529237,0.13407498847555002,0.1032337956748481,0.5056558842139008,0.7649234963132212,0.0
-0.3726092855904135,0.03628794684157555,-0.26662581902588556,0.04238137195952365,0.15198166197356086,0.2536563773337005,0.8255144232771358,0.763879789979336,0.0
-0.33632133874883796,0.13561629113601803,-0.28146271479832974,0.1323300588768664,0.23737652552066116,0.2576818425323904,0.8236755903213601,0.8128384168931261,0.0
-0.20070504761281993,-0.7990210244429053,-0.2668916587838416,0.19563723349388806,0.380608663666935,0.25693240906097864,0.8004077838152671,1.0382879359556962,0.0
-0.9997260720557253,1.5759587209340942,0.09436490412228205,0.13552233558894053,0.3317993784355281,0.8267783213560573,0.8805841438946551,1.140299529612475,0.0
0.5762326488783688,-1.023026413331003,0.11850849322297696,0.19165590422988676,0.3622189751122743,0.7762794069994701,0.781491852819872,1.0768722806524833,0.0
-0.4467937644526343,0.18332770577623736,0.3513885629449329,0.1762833026913614,0.3974971384334206,1.2064015810591844,0.7717948146095037,1.1156187266635968,0.0
-0.26346605867639694,1.8690438255941948,0.5461228325520626,0.44954477559565403,0.46132755397858227,1.0472204190187053,1.1033153935726046,1.0852479653438558,0.0
1.605577766917798,-2.4845858934700487,0.6581661257716176,0.5022999206077448,0.5585059934319946,0.9160172061862287,1.0531333615853975,1.1238086737340425,0.0
-0.8790081265522507,2.619641124040399,0.176679767055599,0.2718092336882575,0.5489852250695455,0.9310020981033874,1.0226764350768378,1.105593073679625,0.0
1.7406329974881485,-1.2137554139051345,0.2648033152367966,0.40635004002639247,0.7099760161244657,0.776003211166246,0.8759237010185137,1.138248176367396,0.0
0.5268775835830141,-0.23012717616163575,0.0011780424377899057,0.2615819519875982,0.7277234090501548,0.27586434382288083,0.678220709539214,1.180815554364645,0.0
0.2967504074213783,-1.0986044340836731,0.35296671863924545,0.34242299216445593,0.7063005308378676,1.1407557259555532,0.7799317231562006,1.198140800188574,0.0
-0.8018540266622949,0.3634636410160321,0.34643371544387186,0.565580093839982,0.8721984634275776,1.141660969160193,1.2077392281356005,1.5851741193685205,0.0
-0.43839038564626276,0.8608970191393774,0.366938700320916,0.5280764212821156,1.0187281456870028,1.09625154120666,1.3229655602330923,1.5025253683294977,0.0
0.42250663349311474,1.8633143310971771,0.5478967648159883,0.5327820459946621,1.1579584080349177,0.9357732402734582,1.3140691861874345,1.4650916306663349,0.0
2.285820964590292,-2.021735573145781,0.5219858615374064,0.6187109741754798,1.2169268422385764,0.9449566830378975,1.3615715164702604,1.4444229999284637,0.0
0.2640853914445105,-0.9634144937215845,0.3318792656896664,0.47311033236151057,1.2470738531553966,0.4188853800208978,1.066902869382265,1.5261389285565468,0.0
-0.699329102277074,1.1657290391061723,0.7847264722360923,0.6147120662562445,1.3410439844713509,1.1777672167827458,1.1881657406380373,1.509173144909683,0.0
0.46639993682909836,-0.17344781972889256,0.6892141422433153,0.8261612164508334,1.4576885447408146,1.4977488490263855,1.0348566518860123,1.2916894172995206,0.0
0.2929521171002058,1.0423358682513855,0.5176673271733356,1.0136019922225388,1.5415708495540639,1.6919082226513151,1.2161951849932624,1.259074851120891,0.0
1.3352879853515913,1.1930334388250483,0.7154360868135532,1.1938648661127114,1.668502851090516,1.7594748550729282,1.2488346832052692,1.248218428655287,0.0
2.5283214241766396,-3.7052121764175983,0.6143413990333546,1.0701780695112793,1.7083168638951882,1.6750279303570987,1.3515361509189074,1.2518031434894152,0.0
-1.1768907522409588,0.7855566137201588,0.4446976602763966,1.1788168330151727,1.5982215452882316,1.1407544680119681,1.7745793614643304,1.301544421246906,0.0
-0.3913341385208,1.6731300538220932,0.9631082906583514,1.5093798700918897,1.7211197860734793,0.5344554524776399,1.2006069471029246,0.9064071567252828,0.0
1.2817959153012932,-0.45198136885069395,1.5095366572717421,1.7831347700751734,1.8748481146823093,0.24857976334027895,0.8344231078374579,0.7059347158636232,0.0
0.8298145464505993,0.8502881839412504,1.6722936454118695,1.8151427103016728,1.8707945781789124,0.28040631761424517,0.8115500337816981,0.7110548253463473,0.0
1.6801027303918497,-0.26494033072303536,1.5260147399892035,2.021037373949283,1.8768433121579609,0.6124702311759161,0.7873359246914919,0.6991567592397325,1.0
1.4151623996688143,0.9256452948773395,1.9129360057539486,2.067375902686457,1.949207158850514,1.3305423353513628,0.7750644383452566,0.7701769485002032,1.0
2.340807694546154,-0.24522683854422223,2.0556514495254277,2.089215873030796,1.9335880478647784,1.2699331647345848,0.7508686499588659,0.7914947331619322,1.0
2.0955808560019316,-1.9971608366646638,2.0567328828786047,2.0695397068855885,1.9078234402993721,1.2705545976754384,0.7444522886246072,0.7831235094395825,1.0
0.09842001933726774,3.516289039878309,1.957991775191476,2.1431408360683206,1.970315248979544,1.3018820392693689,0.7970397405377234,0.8807894073305823,1.0
3.614709059215577,-1.4859694406893684,2.5160600079093616,2.346455658279097,2.074250321199595,0.47210680194151877,0.3376278942644247,0.6969257610784614,1.0
2.1287396185262084,0.21747524278582997,2.221815799618965,2.0176262575612904,1.8991303607725603,0.1718831778101027,0.47670885567578714,0.7400686248561406,1.0
2.3462148613120384,-0.7443395437457503,2.1227802965361633,1.9328597020550693,1.9357246316427659,0.22955099413265154,0.5225397823078592,0.7823170641511459,1.0
1.601875317566288,1.2868858653604085,2.082346530892573,1.9665614592894456,1.8868174134048767,0.218021950091484,0.560623648731734,0.7876115975768349,1.0
2.8887611829266966,-0.7452731651631019,2.328289896945165,1.926446446056153,1.937605320286305,0.22363709231892265,0.6043653561145449,0.8076771905392727,1.0
2.1434880177635947,-0.509925914651395,2.176851308648833,1.7326492503666397,1.887501984588047,0.14561771576032073,0.5693937388762146,0.7600615682785516,1.0
1.6335621031121996,0.5104839299818855,1.8134367155036155,1.831038415014572,1.8589446681408883,0.6981477953700255,0.7373617546156209,0.7609359060982577,1.0
2.144046033094085,0.6875461147351656,1.7429391075739749,1.7779602226987616,1.8918611952710855,0.7433889060669626,0.7836807764331899,0.766684740873324,1.0
2.8315921478292507,-0.7000239063842169,1.8507763876863188,1.7461071737131557,1.8492387712585323,0.8764129817597015,0.7694904284973896,0.7797040322442773,1.0
2.131568241445034,-1.805153189407527,1.5246029951671412,1.7974896618907668,1.7730894865253084,0.6621373018653873,0.9048017070182801,0.7402685760242728,1.0
0.32641505203750687,0.9546590114264915,1.2884471920844465,1.8020449841200918,1.7868726935639718,0.5985388248278345,0.9080321368233669,0.753760108949457,1.0
1.2810740634639983,1.4021583701918061,1.8486401145255287,1.78063446398383,1.8495214964453133,0.7759560742098681,0.9753458389249634,0.6453408406952147,1.0
2.6832324336558044,-1.482507248422442,1.8129813378235489,1.9385895612304622,1.878818091903143,0.8215196897902499,1.0420779303513474,0.6283412113319989,1.0
1.2007251852333625,-0.24993595920180167,1.6414379597399926,1.8070733675203077,1.7500960636169771,0.6406565865275581,1.0018813207138553,0.7360673707822163,1.0
0.9507892260315608,2.176590438211356,2.0703763286143926,1.9487641945164575,1.829144811359558,0.998531846420111,1.0107399840158315,0.7679385966910182,1.0
3.127379664242917,-2.0245994842888173,2.3156427761557374,2.042354718809454,1.8427162892170394,0.6899600648511194,0.9027706590891968,0.7475969451499567,1.0
1.1027801799540997,0.7227353632839226,1.712628813442132,1.8868509212672044,1.7331055952540573,1.1654860666288591,0.7829525396537944,0.694246837449014,1.0
1.8255155432380223,1.5199014863673397,2.0641977846373765,2.005762167843408,1.7417328718054126,1.231081319337563,0.723741842207616,0.6847850222119108,1.0
3.345417029605362,-1.1682955658670768,1.9727087753006232,1.952370368803909,1.7183953833572871,1.30823587827905,0.768645383166642,0.6912225969327489,1.0
2.177121463738285,-2.0648116130633944,1.8271520604185223,1.74868931115985,1.6169079301339728,0.9933690992918441,0.5745447079145349,0.5566723905722399,1.0
0.11230985067489097,2.7483151852554295,1.7690666614631714,1.771700403007852,1.6022565475455057,0.9662085287510642,0.5990276842741082,0.5443351821714114,1.0
2.8606250359303207,-1.492554539376063,2.0610730290922765,1.9184085289067958,1.6783918980372359,0.33971232696870735,0.30584499598276726,0.4275951945064048,1.0
1.3680704965542576,1.2495629586405999,1.94732655104944,1.8190466225758226,1.6041324484322914,0.20957292245748618,0.20745923522155668,0.3567860815140277,1.0
2.6176334551948575,-0.7309389862333282,1.9320319623071949,1.6931187597136457,1.6017510129535673,0.22822758649658287,0.4637605945303922,0.3580181675926332,1.0
1.8866944689615293,-0.3143527801411097,1.670226561901178,1.709525428202659,1.581838489449971,0.1434075104947671,0.4965196157125307,0.32509426482993653,1.0
1.5723416888204196,0.7195509568957168,1.7743341445525325,1.643077859624625,1.538559704394486,0.2318329666081041,0.5127122260704651,0.3342946834913151,1.0
2.2918926457161364,-1.0002950928731058,1.775744028721315,1.5793602692409103,1.5367817052141737,0.23127134577048108,0.5582658847024559,0.35182591489547,1.0
1.2915975528430306,0.01700890032174307,1.690766694102205,1.4777035757674164,1.4948310974085088,0.17243406788723437,0.5064052638835665,0.33793458264630033,1.0
1.3086064531647736,1.0986259290535283,1.454205557120097,1.4844203979106656,1.5067860117947136,0.5851345658171894,0.5043112230693618,0.3552405279041807,1.0
2.407232382218302,-0.827841272553969,1.7488242945041406,1.4851265491080956,1.5191722342090848,0.8465429191451308,0.50406740845977,0.37483494630132136,1.0
1.579391109664333,0.2876148629562536,1.511821574696717,1.4328126920831599,1.4599682243418037,0.7591350608666738,0.43222023976082563,0.3437421061715674,1.0
1.8670059726205865,-1.7582141046880966,1.3829765097605058,1.4383752671676755,1.4514380182473372,0.8081272616591157,0.4341294268420931,0.36720364751503987,1.0
0.10879186793248996,2.6729082721525024,1.264640457432628,1.3892182742887595,1.419471252526318,0.7495846750908102,0.4137367233109064,0.38114384438999827,1.0
2.7817001400849923,-1.559481356903809,1.5146352387012336,1.5103832661934882,1.5286945345758036,0.42166200711353563,0.2355796103588465,0.25781940198089864,1.0
1.2222187831811833,-0.2870529981979075,1.2214288037120506,1.4541515506972824,1.4147849340749685,0.022518895920494348,0.1210610052912768,0.12555276439858876,1.0
0.9351657849832757,0.3401599259979218,1.3538038094696028,1.434041549164347,1.434041549164347,0.09282061159129201,0.13402905136674237,0.13402905136674237,1.0
1.2753257109811975,0.08344006329432196,1.4937740245748459,1.4894721896289103,1.4894721896289103,0.053993547380553585,0.11819560916215227,0.11819560916215227,1.0
1.3587657742755195,-0.04309780913644312,1.5137960911448913,1.5162404994598744,1.5162404994598744,0.04684950662572245,0.12652117860656295,0.12652117860656295,1.0
1.3156679651390764,0.5684258468298686,1.506131293685743,1.538736888771925,1.538736888771925,0.049461055063744166,0.14054693243657998,0.14054693243657998,1.0
1.884093811968945,-0.24907695145945485,1.6868742976825146,1.5759150427107336,1.5759150427107336,0.11128336073335462,0.15429591526392597,0.15429591526392597,1.0
1.6350168605094901,-0.25958081667806376,1.514279288859091,1.514279288859091,1.514279288859091,0.16236130139954968,0.16236130139954968,0.16236130139954968,1.0
1.3754360438314264,-0.054994256851648604,1.484094895946491,1.484094895946491,1.484094895946491,0.1983961388719261,0.1983961388719261,0.1983961388719261,1.0
1.3204417869797778,0.8989411981431552,1.5203145133181792,1.5203145133181792,1.5203145133181792,0.25928074243236215,0.25928074243236215,0.25928074243236215,1.0
2.219382985122933,-1.198264217271106,1.62025087648738,1.62025087648738,1.62025087648738,0.3589592835980841,0.3589592835980841,0.3589592835980841,1.0
1.021118767851827,0.0,1.021118767851827,1.021118767851827,1.021118767851827,0.0,0.0,0.0,1.0
0.32388468026378,-0.5424317200653312,0.38480240022611223,0.4260400981395115,0.575339740474798,0.4355963897537172,0.9757417235598013,0.8322538442405744,0.0
-0.2185470398015512,0.4394781642218734,0.327745277213933,0.5269087481530255,0.5967441018059967,0.4555700305824494,1.0467035263743574,0.8301941613018782,0.0
0.2209311244203222,-0.2707290544498134,0.14761936045558438,0.7220406516160756,0.588363807579129,0.7821542229755046,1.0984672504141264,0.8451932778915872,0.0
-0.04979793002949118,1.6973390963069925,0.5601858116904248,0.7278531402910796,0.6412340748466565,1.5234904782989407,1.092945928731976,0.8594507876265812,0.0
1.6475411662775012,-1.6089421010746172,0.8591060518681285,0.9168447647083104,0.6367939835167973,1.5162307450917019,1.1204673576113828,0.8659618518629252,0.0
0.03859906520288403,-1.1577756887961783,0.46727779605291087,0.7405868114758378,0.590401386928411,1.5124859619074917,1.1424870479608502,0.8130726666036369,0.0
-1.1191766235932943,3.4029400041878186,0.7260722190921178,0.7926901689373483,0.6103537815909063,1.5585048458532516,1.0937680497343882,0.7986169742087306,0.0
2.2837633805945243,-0.8389601097354975,1.296461942776567,1.0082660980861777,0.7600324685915145,0.7548606383757764,0.6877199603726472,0.7065397713598234,0.0
1.4448032708590268,-1.7564033836576134,0.8955204688917343,0.8376763977813353,0.7791724765838899,0.6061767130048514,0.5144541746980311,0.7718286732407735,0.0
-0.31160011279858657,1.6441712931975063,0.9745834775484923,0.6007131502848944,0.7251625048159838,0.7180364522101823,0.7320848897008677,0.7553517363845057,0.0
1.3325711803989198,0.4002008144300302,1.0138958268987648,0.7246393828100846,0.7653070813300538,0.6230924981913099,0.6441851985184582,0.7027310973713806,0.0
1.73277199482895,-1.4537159836585878,0.8593081187825786,0.6665794554589682,0.6583308199545059,0.6201553511323616,0.6039308429897279,0.7987980017693705,0.0
0.2790560111703622,1.5610623029724542,0.720070253395788,0.45468696354218247,0.6214175175784804,0.45446559257590363,0.5561803081056916,0.7453649037763597,0.0
1.8401183141428163,-1.955156680190041,0.7798323266709357,0.5546150094022332,0.6823977675539552,0.41603976326596087,0.610949921524256,0.7742635501452217,0.0
-0.11503836604722473,0.6746710058652141,0.22684282302129627,0.356743202325284,0.6494751370063396,0.4665752839751732,0.4545994660225139,0.7186272309210857,0.0
0.5596326398179894,0.47695002807700737,0.4353829387214043,0.4402159623809842,0.6894339253196012,0.49793931795195145,0.4385469617534419,0.6878665549646077,0.0
1.0365826678949968,-0.4587162903488955,0.4738507921353577,0.42801739424446417,0.651500519476974,0.5134176595140829,0.43697278238196946,0.7250540869458704,0.0
0.5778663775461013,-1.5026955816514826,0.18930367368857684,0.5117988390968515,0.6228435268797219,0.5170384425684339,0.6021197127228122,0.7185867356624323,0.0
-0.9248292041053814,1.852491416558697,0.32939769213353054,0.7206685553864448,0.5476711098270128,0.7044143997871283,1.0223577541925621,0.832715771142912,0.0
0.9276622124533157,-0.17569030556555953,0.4866435816292717,0.8496118593470732,0.7217092816001344,0.4088754309832149,0.7476432993817341,0.8956696654471102,0.0
0.7519719068877562,-1.1381248312266636,0.4450489860405642,0.8059747798500231,0.7216605992190476,0.3791078893195442,0.757969272818481,0.8956496579184889,0.0
-0.38615292433890747,1.6644893941097774,0.38218399635357064,0.6500821844500437,0.7206749217308912,0.3563265045254061,0.9935290805736425,0.8956083632133804,0.0
1.27833646977087,-1.4169362263975456,0.8342940045051261,0.7881480716147784,0.6856360338895626,0.4791947194537697,0.8789513441485262,0.9964991462915652,0.0
-0.13859975662667567,0.8582889911364537,1.111939418639359,0.8101805257056771,0.7444098987713496,1.034115331736635,0.9049203122044644,1.131802713629002,0.0
0.7196892345097781,-0.2820422760569896,1.2125801370648748,0.9422070716873954,0.8563668256402878,0.822919226521399,0.8112710246554296,1.1722373348058746,0.0
0.43764695845278845,1.4367501579660815,1.1669005736594822,0.9386518882582182,0.7825698166554351,0.8762957990434417,0.8129669620732256,1.295884101814344,0.0
1.87439711641887,0.7921664240231643,0.9179803725465169,0.8749836447094838,0.8031285355827749,1.4871927782511327,0.9132459769823917,1.2897323151822722,0.0
2.6665635404420343,-2.301959704941131,0.7420021387244309,0.7338882146625922,0.7301868035345673,1.2744490745986412,0.8103919132324618,1.2345413728419097,0.0
0.36460383550090325,0.12668758198191143,0.5084216327719953,0.3746736642675808,0.6797884361639337,0.5936084337431716,0.5832175557530844,1.0876208337715685,0.0
0.4912914174828147,-1.298245464594853,0.6718340063099161,0.5938067038531957,0.6835846103526206,0.6534196338262303,1.010977892723863,1.0855016503110975,0.0
-0.8069540471120382,1.8014599944204783,0.7104032028569544,0.637346418588072,0.6686646924570521,0.6454432003281995,1.0191122809075517,1.0954691226602857,0.0
0.9945059473084402,0.5041550633714157,0.8319869168724507,0.791267659011739,0.716313082808796,0.33560173850426744,0.7877209767395127,0.997984420192744,0.0
1.498661010679856,-0.3169953074893481,0.7257742906007534,0.583123996164347,0.7071649188717373,0.34620308033891967,1.0930295126774523,0.9944846014965856,0.0
1.1816657031905078,-0.49752830297250183,0.24092569576316641,0.6786392718370221,0.7543527957954452,0.5370496396048814,1.3500335643188706,1.1114898606710333,0.0
0.684137400218006,-0.8831728772525622,0.5157794013964753,0.7705265795931799,0.7761568486557728,1.3563596317641504,1.518466549273463,1.1391570848141006,0.0
-0.19903547703455626,0.6624782929845097,0.5642896343191898,0.6264877450526524,0.8501320468322209,1.382106774031484,1.7300780154038295,1.2295170399052093,0.0
0.4634428159499534,-1.3890247794580324,0.750548401151027,0.7312734264560656,0.8907207771475105,1.2365240990533035,1.6558923399669296,1.1756497400851704,0.0
-0.9255819635080791,3.481516194865131,0.44047370172794037,0.7264853924065426,1.001696836383446,1.7991577320103977,1.6586634315626796,1.3148125201682497,0.0
2.5559342313570523,-1.629245666525474,1.116352847910878,0.9849032080602868,1.0842731910112096,1.7798311396741338,1.4058340637313256,1.1260754374040165,0.0
0.9266885648315782,-0.1944302077069483,1.0252737577898845,0.7733625168520459,0.9985256279877174,1.5507812171844084,1.143905262907493,1.0133929885163577,0.0
0.7322583571246299,-1.8191890382901095,0.688685855786115,0.6999829663260325,1.116380583037915,2.070312046818551,1.169864295856755,1.2603662989857463,0.0
-1.0869306811654795,3.540744448572088,0.7119984517611045,0.641358506605853,1.2393852304373314,2.0745175315815727,1.1970114866584505,1.4533413834275017,0.0
2.4538137674066087,-0.3532749866545237,1.012497083085145,0.8312058415791279,1.2938120816239749,1.3545637567052964,0.8651673893035172,1.256396644031416,0.0
2.100538780752085,-2.8567897259393544,0.8534535682096959,0.8300663197538685,1.3026206146053352,0.9972789721548174,0.8614810816027907,1.278306685059106,0.0
-0.7562509451872694,1.6050722821868475,0.5214512759142075,0.7817871177183656,1.2599210346660816,0.6101107620088941,0.759784220495304,1.2448069724311597,0.0
0.848821336999578,-0.43325886154485493,0.7112800768659502,1.0737763486117897,1.3971844567702225,0.26916129548185597,0.6289225169696473,1.0492973353279074,0.0
0.415562475454723,1.2430337175746398,0.5707185614506016,1.0501681278389554,1.5240294298235348,0.3095254380322543,0.6445602249183703,1.2158864216154472,0.0
1.658596193029363,-1.2180688737547205,0.6499146000731107,1.2769082803603493,1.5651409107001244,0.3100379934081522,0.8194789309821155,1.1568579089591748,0.0
0.44052731927464245,-0.2476342597031978,0.806679071298041,1.1836431739621323,1.5848969005118072,0.7245892642700943,0.8265680240533744,1.1679661957056107,0.0
0.19289305957144465,-0.046879299648609596,1.042122959522524,1.2236887391233888,1.5889505876134027,0.7739081779259545,0.7814838608926328,1.159000578487007,0.0
0.14601375992283505,0.6655289086444336,1.436272620357629,1.5327781997497978,1.6020007470773359,0.7258766443981717,1.0040943517080663,1.1257988583421106,1.0
0.8115426685672686,1.6308758805867452,1.529617694227309,1.8374119542688103,1.6581698757989227,0.5198512383845253,0.9943993553633297,1.022180266750739,1.0
2.442418549154014,-0.8246717887569563,1.9039019606475875,1.7564183216688218,1.6928901256356526,0.5426777183158074,1.2196168321024534,0.9862944696692011,1.0
1.6177467603970574,0.5458946033499126,1.5606072766262238,1.7751749094568017,1.6141151382956735,0.6443429144419668,1.2485171653502878,0.986110759499838,1.0
2.16364136374697,-1.550902234475734,1.405254518724254,1.738054951613798,1.5870323939577098,0.7231272792151713,1.272605639295485,0.9998500766906645,1.0
0.6127391292712361,2.070224871397425,1.6292837791419668,1.7205925649286553,1.4863733930649772,1.2636854053103246,1.2604865448409346,1.0762807658348543,1.0
2.682964000668661,-1.9570188716214663,2.145206214310311,1.997890731808114,1.481782697635285,1.279472859313144,1.338123551275483,1.0847023586849307,1.0
0.7259451290471947,0.11503784184001331,1.6089346826900557,1.8533735410398997,1.4092093155211922,1.853053098356262,1.3280807885510635,1.010425799336325,1.0
0.840982970887208,2.4428046949483266,1.9897425422873798,1.9861506270614817,1.4153538311463705,1.7606128781415733,1.187355261217845,1.0027464907695895,1.0
3.2837876658355345,-0.09143636072257655,2.0708553845033415,1.9542124361034166,1.522087945557225,1.6005717431128637,1.2696848601566972,1.0965878129455833,1.0
3.192351305112958,-3.1907449625455744,1.8119013507153436,1.671223294404874,1.4092919481284965,1.2406130956478656,1.237919842859128,0.9408982623910681,1.0
0.0016063425673837894,2.62837808446643,1.8505752493059169,1.4789277973290353,1.289030917150137,1.3533705404681118,0.9857057327497379,0.7868247451255245,1.0
2.6299844270338135,-1.383437245066797,2.0978123993897437,1.6293619296024828,1.4575375630706109,0.6836077678031153,0.7449004438534913,0.892440855916451,1.0
1.2465471819670164,0.7424703149285294,1.982558711835584,1.4530553671345448,1.476547282941338,0.6140718405841362,0.671823853876438,0.9438826483526632,1.0
1.9890174968955459,1.39670330117028,1.8375694877034916,1.4360098363016216,1.5725999993278998,0.9115868223776763,0.6814788882438713,1.0749947415966377,1.0
3.385720798065826,-2.147928705079309,1.5305452380944051,1.2521542212012993,1.4903039984103985,1.1956459590158075,0.7823577458917601,1.135135755646111,1.0
1.237792092986517,0.815923896276499,1.1072803453521538,0.9656746634624562,1.4252157249081472,0.3417972679095464,0.29854616021889396,0.9688901251352158,1.0
2.053715989263016,-1.5321149279564605,1.1609114598152224,0.9650450900024843,1.5318728726292055,0.36730143461605674,0.2982070916603192,1.1450491811824919,1.0
0.5216010613065554,-0.06770481245644522,0.9235520224335051,0.8445570352312586,1.503185771127542,0.16882828306956382,0.16651975586741927,1.130744894331623,1.0
0.45389624885011015,0.8155000855044596,1.0344501848997514,1.0899634550110329,1.6684780904343373,0.128870646842083,0.5500276150748572,1.3253575333813994,1.0
1.2693963343545698,0.23655133094728975,0.9737632043081934,1.1473606018521183,1.8262704985657912,0.21406641619415753,0.5066606215986964,1.415124383283319,1.0
1.5059476653018595,-0.6390288629474284,0.824068981572759,1.0991340369712386,1.876438186401011,0.21519071424134922,0.5158221072979534,1.4070693459679329,1.0
0.8669188023544311,0.20917307128335472,0.7691787201897465,1.285713196538739,1.870599629343597,0.15238547905734137,0.9809340421112523,1.4120432922830104,1.0
1.0760918736377858,-0.9256305277454646,0.765562048029012,1.5000391987481314,1.9155665811352265,0.15173081265910845,1.2148377026123423,1.360196865875385,1.0
0.15046134589232119,0.3704638747850759,1.1454767251223146,1.7091901623541783,2.0564509698255025,0.9650211369907353,1.4311968496783138,1.500778912457956,1.0
0.5209252206773971,0.7105711377094006,1.320957999396043,1.728453775619498,2.2273976032836833,0.7389827141351886,1.3744831326309748,1.4043661715457803,1.0
1.2314963583867977,-0.38266091683603953,1.374199092369718,1.884756786353838,2.1781134663448642,0.6651319309518204,1.2168781157422734,1.6187198056414225,1.0
0.8488354415507582,2.1268298175535403,1.8022476728877315,2.098700655255926,2.159681476638027,1.2758668746509076,1.3493038003896138,1.6600709058683294,1.0
2.9756652591042982,-1.9477975418433342,2.2345163494672504,2.161814507023825,2.2538768564239455,1.1990312227086235,1.2273864092991544,1.5817022475237636,1.0
1.027867717260964,-0.24073703171519112,2.272903599586042,2.246992725857642,2.102507801161829,1.2618268837343676,1.4313290848900235,1.7985286172259767,1.0
0.7871306855457729,2.584608575431092,2.1359495518429528,2.5051803952794645,2.1708492395354875,1.6778779358468494,1.4017508492564015,1.7403842108710585,1.0
3.371739260976865,-0.361560436528511,2.395314480337958,2.6537423358307826,2.2436765318507357,1.247285982759962,1.0899131031964298,1.7259070897448607,1.0
3.010178824448354,0.15742268524990033,2.3951536376241207,2.4554860621484544,2.1810063802326174,1.2469719846183256,1.1589682638963859,1.7471674067799874,1.0
3.167601509698254,-2.824504031152737,2.0891126645803992,2.3310939635223216,2.1322315305728683,1.2451704801003483,1.1602300181114857,1.8071202128520265,1.0
0.3430974785455172,1.7408578494752822,2.2210818521292426,2.4037117772968264,2.0675209068775313,1.5994885392909413,1.3291808384263264,1.8488783242316076,1.0
2.0839553280207994,1.2869797193868822,2.8744112387159757,2.7263414309478686,2.1824824687663327,0.8529609311762785,0.9363593241322095,1.7606783077897792,1.0
3.3709350474076816,-1.8909610881779368,2.9121701913236073,2.47147014633589,2.1895201216767277,0.798970310643657,1.8484452121498578,1.8856981156831694,1.0
1.4799739592297447,2.3474734882127244,2.5158184866727877,2.220662298020126,2.0986420504666543,1.0636845402764767,1.9634006901941743,1.915128283313483,1.0
3.827447447442469,-0.21770303596328633,2.5730752624642443,2.3459392058240653,2.150197724736397,0.9581796580473829,1.9190671333942333,2.0401684687806383,1.0
3.609744411479183,-1.3369943204202248,2.58634170246441,1.958022876466016,1.9977204772176633,0.9921657584282768,2.1239763626332198,1.9466465974482083,1.0
2.272750091058958,-0.883573566905373,2.5782716231797616,1.8365180837915112,1.8365180837915112,0.9759083811431724,1.8554629290835103,1.8554629290835103,1.0
1.389176524153585,0.3770813140334395,2.030770101348174,1.7880478607617947,1.7880478607617947,2.5094870543517076,2.0381318515539513,2.0381318515539513,1.0
1.7662578381870244,2.127521809256275,1.9255061093674635,1.837906777837821,1.837906777837821,2.688882488711939,2.270525128490249,2.270525128490249,1.0
3.8937796474432993,-0.32438563238735885,2.118803149183887,1.8481423406450777,1.8481423406450777,2.776773032288983,2.5940477271638627,2.5940477271638627,1.0
3.5693940150559405,-4.034151533154922,1.3297040504676212,1.5072027895120408,1.5072027895120408,2.4662178726301622,2.2127105723369294,2.2127105723369294,1.0
-0.4647575180989809,1.327614082349016,1.0947645444032605,1.0947645444032605,1.0947645444032605,1.6346208506338549,1.6346208506338549,1.6346208506338549,1.0
0.862856564250035,1.869886473019105,1.484645060028821,1.484645060028821,1.484645060028821,1.2832419809700542,1.2832419809700542,1.2832419809700542,1.0
2.73274303726914,-2.7844588834071677,1.6919078919550834,1.6919078919550834,1.6919078919550834,1.539157781967697,1.539157781967697,1.539157781967697,1.0
-0.0517158461380276,2.446412330872165,1.171490319298055,1.171490319298055,1.171490319298055,1.496233323160845,1.496233323160845,1.496233323160845,1.0
2.3946964847341374,0.0,2.3946964847341374,2.3946964847341374,2.3946964847341374,0.0,0.0,0.0,1.0
1.7505531333409243,-1.4116072116619591,0.37902606225548524,0.6122875016983653,0.38863495496247097,1.015292515644429,0.6744551142808487,0.7297231021409556,0.0
0.33894592167896526,0.07597669818798064,0.15260770498958698,0.35794524144261575,0.33468809237867503,0.5992757929106326,0.6776468754020659,0.6380756921723074,0.0
0.4149226198669459,0.3428974586548531,0.27391295436757945,0.43157852802077556,0.3627481442278583,0.7033432547055712,0.7236456587188849,0.6532746056799679,0.0
0.757820078521799,-2.124931520653007,0.32350322460536524,0.5648612616384306,0.3158051352852095,0.7271654491511046,0.8790843525049837,0.690245427610163,0.0
-1.3671114421312083,1.9855727891426413,0.5121083243989789,0.5468520857235389,0.2800049770719765,1.033281730973655,0.8750532677040214,0.6829483930429545,0.0
0.618461347011433,0.3270108215574945,0.8455489411412455,0.7008277993041585,0.3086121891003028,0.22479591465533985,0.4990221511205409,0.6042586547846273,0.0
0.9454721685689275,-0.2825981975130524,0.5632827778956446,0.5290170500436334,0.3695824384483967,0.6716909501403014,0.7929954369383969,0.7126718704267103,0.0
0.6628739710558751,1.0379716064339923,0.5892441016739719,0.4693314035762463,0.33230928067719595,0.6942311965014153,0.7753440385387974,0.6961378904020163,0.0
1.7008455774898674,-1.4007539359097434,0.806219298671496,0.4208368622449542,0.3192218316890463,0.9144958517779541,0.7777380073131782,0.6907397384561185,0.0
0.3000916415801241,-1.0929611107966954,0.5815958470480986,0.17810897343662363,0.30553159627519966,0.7144105465324322,0.6866018331459992,0.656471258157415,0.0
-0.7928694692165714,1.8681482566771355,0.5561066574670717,0.16498240822657678,0.3064694664980588,0.7313599697964815,0.6849501666781593,0.6564777666249141,0.0
1.075278787460564,0.6724711685829319,0.4947513221916223,0.3114309433147343,0.45275820802273226,0.9119516435260362,0.5974227189773843,0.7414434698359615,0.0
1.747749956043496,-1.1700216366706147,0.3494187054785208,0.29391776043494094,0.4436558144820649,0.8276987702460266,0.5734283091748904,0.7316848330287612,0.0
0.5777283193728812,-0.40508262569789266,0.03545442581841227,0.06674900893198828,0.39899921997402354,0.34394091823628753,0.377348594567199,0.6531020436967759,0.0
0.1726456936749885,-1.2722918392688063,-0.22537790017485157,0.013157868420414266,0.403633008757196,0.33318980540604126,0.34842875959049024,0.6551663974600719,0.0
-1.0996461455938178,1.4482618494888735,-0.22614184101391807,-0.08360342110355287,0.3993307802067074,0.3325840068719558,0.4018289886735477,0.6575055921430788,0.0
0.3486157038950556,-0.17068714615210168,0.12811056443784624,0.21014782685315989,0.49173899470021876,0.2156810718056005,0.5815095131659754,0.5427163135943776,0.0
0.1779285577429539,-0.9043618683363919,0.23841681539136123,0.19528715777814573,0.4868617841996906,0.3129971383022935,0.5793816179377105,0.5445643548910105,0.0
-0.726433310593438,0.8952593000730937,0.09804359204556427,0.2176068011331386,0.4827274853222755,0.4087975690336054,0.5830902407293023,0.5474435555906313,0.0
0.16882598947965577,0.5027898921853482,0.25169363701568004,0.4329542191137758,0.5853872482894935,0.24986908797627091,0.5938676335467067,0.49942074591193447,0.0
0.671615881665004,0.22853107699762665,0.05893499880681237,0.44795652476954073,0.5396411682779916,0.4304395681740526,0.5879681912550334,0.5772942081543043,0.0
0.9001469586626306,-1.4240845176486618,0.29218508926847353,0.5940854727307301,0.49186183023098573,0.9338777296771523,0.8455174291948498,0.6080573170051459,0.0
-0.5239375589860311,0.5657544732431722,0.15215750016493026,0.5933938685291887,0.5079148471899038,0.8420457628414612,0.8450983872229931,0.6260620209029029,0.0
0.04181691425714107,-0.836784115821824,0.33717001022071286,0.7312494310160588,0.5969811005393906,0.728792190490361,0.708075087351399,0.5929787174760006,0.0
-0.7949672015646829,2.632833535537993,0.6142148012118716,0.7941081490939775,0.6048444141830116,0.8721553818720615,0.6569623648875947,0.5854226595628159,0.0
1.83786633397331,-1.6378573208283957,0.836978050732269,0.8822649815169678,0.6577985015809542,0.4428213190112748,0.44673131002225164,0.49044973835172856,0.0
0.20000901314491426,0.201115978147968,0.8959858561929867,0.7733301625472775,0.5768143222287174,0.5748694456432324,0.3453359424038388,0.4239263971809426,0.0
0.40112499129288226,1.0259158779200521,1.0346302368934472,0.7784364106212354,0.5907578448271327,0.4587719460699661,0.33971556629858374,0.41711242512271485,0.0
1.4270408692129344,-1.10819182317563,1.1253288518114046,0.7478481695114121,0.6757486150184014,0.37676080442364646,0.3712189160821283,0.5221235299082229,0.0
0.31884904603730446,1.8140563152395939,0.9740014969760835,0.7378202774652115,0.5891850976909626,0.3770461146786634,0.3585022015097917,0.5344261378902032,0.0
2.1329053612768982,-1.2396744446296815,0.9275519123016664,0.6313258117864425,0.6172226390275168,0.4465394888334324,0.5498080773430318,0.5342029922039835,0.0
0.8932309166472169,-0.03861285076454768,0.6506744689015684,0.38963818773124165,0.5960475550860185,0.08571360079702502,0.3496978586436106,0.478532873878025,0.0
0.8546180658826692,-0.1842139708463395,0.5222425843490235,0.4224358258506187,0.5997086088975635,0.08938863328720881,0.3924123284045686,0.48096354542037734,0.0
0.6704040950363297,-0.5838029723711116,0.3703674872114198,0.4627127700627224,0.7595173250670934,0.08069369672127458,0.4418263784626187,1.0476747410522145,0.0
0.08660112266521813,0.6619170216111897,0.5016390579543393,0.4155806792720457,0.7960794299221501,0.2283951514416343,0.4422414315331401,1.0665573692487105,0.0
0.7485181442764078,-0.4974466503919151,0.33509971127121857,0.43333202164494083,0.9291150211962312,0.47757686059972004,0.4333977654514757,1.2140565394118332,0.0
0.25107149388449274,-0.15582891368984203,0.1286019065609148,0.38029848191015725,1.03352419371055,0.4774022363157284,0.425279900965827,1.3834688292534654,0.0
0.0952425801946507,1.2315193685562762,0.3226290673522138,0.40307927903303,1.1727390535867344,0.6755132454380105,0.4240627958297831,1.533845510317979,0.0
1.326761948750927,-2.0728575595013123,0.555058052914025,0.6036490605253906,1.2745753285090464,0.7859037576741887,0.6626314522181362,1.5114309670446253,0.0
-0.7460956107503853,0.4621247314752741,0.3295223005897521,0.4405499179167137,1.2821205277071033,0.6412756225417958,0.666165240937568,1.5133001545228508,0.0
-0.2839708792751112,1.505178177116099,0.5315643320186629,0.6031194662685915,1.3806272656686869,0.3699194967005128,0.5182001081011989,1.2980822142146873,0.0
1.2212072978409878,0.036180210162718884,0.6319950572593995,0.8024569224407954,1.5260267738271316,0.2464552335308517,0.522158235248841,1.215698033583747,0.0
1.2573875080037067,-1.058304320874144,0.4835294907138462,0.7769813919445085,1.562067891936758,0.15966787310257954,0.5066634832177678,1.2184062458087337,0.0
0.19908318712956263,0.06503135926460624,0.6522400681367564,1.0563218800714644,1.6464983970772606,0.5346369747207079,1.4773372158991251,1.3023993021323224,0.0
0.26411454639416887,-0.04593179946559628,0.5515775352436751,1.1765781805722546,1.719719971445708,0.666400595714736,1.4013147084717001,1.192301841364795,0.0
0.2181827469285726,0.26069671818464774,0.6746746005185197,1.4248980207475217,1.773707474895885,0.6562404450268341,1.503113748084041,1.0905111955975368,0.0
0.4788794651132203,1.6220609300050368,0.9729187876221912,1.6867499055109423,1.9709684561143295,0.7397467420045895,1.4882500964268446,1.216148526814771,0.0
2.1009403951182573,-2.405169872454101,1.0704332931751708,1.9423988281404383,2.0418599739201,0.6814310566611751,1.4588758876740573,1.100082158907384,0.0
-0.3042294773358434,1.1838293501042352,1.4604036920061727,1.9455015964927025,2.054383043165379,2.093473235604668,1.4599463677301618,1.1045416133219124,0.0
0.8795998727683919,0.829803809678538,1.8015788259008338,2.1236911374974925,2.0859725705315384,1.3549772079063827,0.9439528855821978,0.9744867703419631,0.0
1.7094036824469299,-0.7429516895688116,2.175121440976524,2.1581350650687816,2.1825290741335968,1.224316690621044,0.8689275640722176,0.918660520237211,1.0
0.9664519928781182,3.0843403963951483,2.400581023399694,2.2495966252134676,2.1879552508359295,1.217643721116491,0.8621311722481643,0.9140854207604006,1.0
4.0507923892732665,-2.649146197135803,2.814364363105706,2.3471543919290077,2.2497935608672033,0.7156729303524091,0.697427383459539,0.8356695815837432,1.0
1.4016461921374637,1.3456667560093774,2.430599500979232,2.2366749140830566,2.086937095831728,0.3557795459812108,0.4308447459153342,0.7529833120024246,1.0
2.747312948146841,0.08938864641593858,2.445803449094151,2.2628617623191607,2.1135969485551067,0.32541588069372673,0.3932829642714465,0.7299480100695168,1.0
2.8367015945627796,0.19866709684539918,2.1411486891610396,2.1225169290442483,2.093944915494875,0.512961363590433,0.4345725725044745,0.7123782401845761,1.0
3.0353686914081788,-0.9034006127672809,2.0986122270272416,2.2551870067177164,2.021901329749479,0.4610260463885238,0.7824865881885176,0.7039718178858174,1.0
2.131968078640898,-0.6543021459288401,1.8799444207523095,2.1413211196997626,2.047703441993282,0.2426115222328064,0.7215033911011043,0.7689202460563076,1.0
1.4776659327120578,-0.25362678423077156,2.042750327186881,2.1632644898380553,2.0374468974935747,0.4306964550437531,0.7254265200545927,0.7691904554616669,1.0
1.2240391484812863,1.3999801354124997,2.0799200755441705,2.048254003565584,1.9957349404779063,0.39421472632900895,1.0021752745137982,0.8489474343474411,1.0
2.624019283893786,-0.6819896238602676,2.1038851689274565,2.2069230831984115,2.06654585996726,0.35548949644841665,0.9672033410456962,0.8349279972123765,1.0
1.9420296600335183,1.0039679507802393,2.4117617864081913,2.1263138764583913,2.0310196688129913,1.0549158067182698,0.9584403512023334,0.8192982772693629,1.0
2.9459976108137576,-1.2824829363152523,2.4026978186472157,2.1524327298053993,2.1286289211219795,1.0637597024640668,0.9549535168578569,0.9829495374195683,1.0
1.6635146744985052,-0.31965005910078914,2.2837786524892296,1.9371992775803997,2.077603166734475,0.9911092582664051,1.030279049660179,0.9490047540165347,1.0
1.343864615397716,2.819537755899744,2.0165879315869972,1.9643321347910525,2.0614688596465025,1.6081303424694817,1.0220530866115516,0.9673128172461668,1.0
4.16340237129746,-2.2666925500688198,2.309960997469367,2.0653729019455014,2.097831071622846,1.5576835620883582,0.9885511879481463,0.9402474606936086,1.0
1.8967098212286402,0.4546919587951881,1.840865966508591,1.7886156527812418,2.0024893670268247,0.6990038770969786,0.5166126334260601,0.7190880554126399,1.0
2.3514017800238283,-2.0238407100364872,1.902167640963583,1.9540857642868008,1.921003568483918,0.7208821018656428,0.798808561853202,0.8624858888497116,1.0
0.3275610699873408,2.4831688748222236,1.5906199026715686,1.9116293051490936,1.81535976404502,0.8292143148295615,0.7812942577820168,0.9835997347783216,1.0
2.8107299448095646,-0.9928027283159839,1.9120763379951087,1.9432158773902288,1.867953345175588,0.4305144941560637,0.690203090205869,0.8796580228811857,1.0
1.8179272164935807,0.385290977010021,1.820784806421636,1.926168636736108,1.881554378398749,0.2997721408639512,0.6632411237748796,0.9088182685784792,1.0
2.2032181935036017,-1.4095551049398456,1.736365339053893,1.9357254611675914,1.872537029158499,0.32876119918592867,0.661994231314863,0.9115107044177005,1.0
0.7936630885637561,1.141180158041283,2.006003887610018,2.1048251124385593,1.8216723400018746,0.8713440387819518,1.0098123153656056,0.9270278306059723,1.0
1.9348432466050391,0.4194290403371628,2.232638707626619,2.2180070558885507,1.9678927150146635,0.5272801277765169,0.8283039541937107,1.0326235973909064,1.0
2.354272286942202,-0.958442407287337,1.974355416785349,2.1586055845019527,1.9643969058082331,0.9479523444281938,0.8937014612494949,1.033086859620922,1.0
1.395829879654865,2.1555810566293636,2.03155246705058,2.130289241300191,2.02666066557464,1.0044986033023091,0.8898366678814644,1.1552958135851743,1.0
3.5514109362842285,-1.6245737476374698,2.1350855832812896,2.2163630812724078,2.114682870050114,0.9157383468654196,0.830079546108817,1.1914518418635853,1.0
1.9268371886467588,-1.2834103962480683,2.203646337267101,1.8879213726810349,1.9993903668436992,1.128749322996033,0.9239743524879405,1.1127187561139207,1.0
0.6434267923986905,1.9968307458696684,2.2033754041504823,1.7190902229409464,1.9694404049960248,1.1288996101457365,1.167369562685849,1.1341076900306386,1.0
2.640257538268359,-0.726762077459945,2.3428557522185565,1.7926908129609473,2.0028876312975954,0.7715543294636028,1.0577840580457827,1.066660357269727,1.0
1.9134954608084138,1.9807192454048685,2.2290260155498016,1.8369401200613893,1.9359851098382552,0.7556768312821822,1.150414549288093,1.0664200496871605,1.0
3.8942147062132824,-1.9687321831496158,2.2976405792635264,1.8093485971494065,1.937168775576668,0.7312086819928217,1.153041621641003,1.1225193994317209,1.0
1.9254825230636665,-0.5846539903246053,1.5721964080949693,1.5385195675651901,1.828444001652412,0.5198348754541028,0.6838923607691774,0.9602811354563067,1.0
1.3408285327390612,0.7302803221855243,1.2348050417314107,1.7177783741407762,1.8227358533341032,0.7367752417476551,1.111828873566544,1.0161817678413547,1.0
2.0711088549245855,0.185459424452449,1.2425258737033378,1.770188227114513,1.852855060871293,0.7386508658513044,1.0970382362324278,1.0642712950660778,1.0
2.2565682793770345,-1.9895744290065362,1.4448542245729767,1.9230320898490891,1.838304807934407,1.2376895684121032,1.3992771958750716,1.131835356968712,1.0
0.2669938503704983,-0.028468159124625414,1.3210566150352876,2.013002658827819,1.8084288456885051,1.0980164416953133,1.5321464069099329,1.1992921428075558,1.0
0.23852569124587286,1.1409070013528246,1.5048427270354114,2.110859361006364,1.927000768405275,0.8456815869081155,1.2766124864206287,1.0947151725674606,1.0
1.3794326925986975,1.7033179166740822,2.200751706550142,2.2197905870511034,2.067707024835225,1.0203560257482174,0.975495390065406,0.9285641791671808,1.0
3.0827506092727797,-1.44517037758419,2.297850580525689,2.2130844496342443,2.1302774186749094,0.8985704881987109,0.9871712516159711,0.9659984543229769,1.0
1.6375802316885897,-0.4516558213174726,2.401209955125202,2.0350300996151223,2.0350300996151223,1.1035566816579998,0.962805730086429,0.962805730086429,1.0
1.185924410371117,2.5321461784484085,2.7049487026203503,2.0791911960514033,2.0791911960514033,1.0086977170842801,1.0502821201559314,1.0502821201559314,1.0
3.7180705888195256,-1.8531435263430946,2.7168759949773165,2.1908495442614395,2.1908495442614395,0.9730310646341757,1.0693591046504802,1.0693591046504802,1.0
1.864927062476431,1.7346204197939157,2.2388294675520655,1.9726751093245698,1.9726751093245698,0.9299097964411353,0.8413240185489419,0.8413240185489419,1.0
3.5995474822703466,-0.4432735131060128,2.1283183187428003,1.9906331171325926,1.9906331171325926,1.0614014211406206,0.9792872579960675,0.9792872579960675,1.0
3.156273969164334,-1.9107130970083892,1.6688502441050421,1.6688502441050421,1.6688502441050421,0.5538794053520919,0.5538794053520919,0.5538794053520919,1.0
1.2455608721559446,0.08227707953732599,1.296994312840219,1.296994312840219,1.296994312840219,0.0009650886059713338,0.0009650886059713338,0.0009650886059713338,1.0
1.3278379516932706,-0.015466633263165441,1.3141387930683106,1.3141387930683106,1.3141387930683106,0.00011105199879609595,0.00011105199879609595,0.00011105199879609595,1.0
1.3123713184301051,-0.010164209348549003,1.3072892137558307,1.3072892137558307,1.3072892137558307,2.5827787920282735e-05,2.5827787920282735e-05,2.5827787920282735e-05,1.0
1.3022071090815561,0.0,1.3022071090815561,1.3022071090815561,1.3022071090815561,0.0,0.0,0.0,1.0
