2.071030085838621,-4.439970352587414,0.6955614834396121,0.4769977488166254,0.4925160885131673,2.7027969476855866,2.028609469948078,1.0878868396375783,0.0
-2.3689402667487935,3.1474063183364365,-0.08345552418942362,0.3168959134889776,0.44382954519910706,2.9872400709296394,1.748887843567927,0.9792192699298715,0.0
0.7784660515876427,0.0367117680052067,0.5064967605226949,0.5772296669989021,0.6114231574271832,1.6827609727826558,0.9604231842889079,0.5700795219624417,0.0
0.8151778195928494,1.3668959073348916,0.6129238177226728,0.5997045517462237,0.5784370769814597,1.785957629393259,0.9740147973897558,0.5797328898333779,0.0
2.182073726927741,-4.0061286792342985,0.47276193764118013,0.5977645771300719,0.5291301515533575,1.8078424375929152,0.9732126435631944,0.6025792585581874,0.0
-1.8240549523065577,2.404876109118357,0.25843401419363876,0.43946757744462434,0.4204316774726486,1.2588817800258751,0.697151334573579,0.46772617687079043,0.0
0.5808211568117989,0.7297801807757331,0.7172473511673789,0.5756498753765245,0.5698924225624576,0.18997306890388976,0.24755849995940665,0.22123266094217797,0.0
1.310601337587532,-1.1962329184021459,0.6479625734751092,0.5728501029226448,0.585888154255576,0.22807910767801604,0.24760009166892072,0.22644369235934012,0.0
0.11436841918538626,0.9960656905046481,0.5864852857697747,0.5146240118158941,0.5539023544874102,0.16172246740034052,0.19219984963163436,0.1995213671659029,0.0
1.1104341096900343,-0.6404223771278916,0.7227672166189638,0.5450002429714526,0.565013847984075,0.10733152977509426,0.17618777559847895,0.1920994507053611,0.0
0.4700117325621427,-0.23561446421169185,0.6205011406956099,0.5080344282097091,0.49332813515216445,0.06987458707458535,0.14668257159320386,0.21153975725880705,0.0
0.23439726835045083,0.7688176307104088,0.4340523995856702,0.5707631769092364,0.5167725568563826,0.2650442407142405,0.1773264025735703,0.22088965538077465,0.0
1.0032148990608596,-0.20743682562952803,0.49773763237018065,0.6456166478554644,0.5238202184085434,0.2558373091948357,0.17739747006063716,0.21785320558632987,0.0
0.7957780734313316,-0.19667434335806666,0.44276273786201364,0.5571696022166958,0.5259627136570707,0.2123491464743788,0.1845463713112601,0.21999462266917275,0.0
0.5991037300732649,-1.0613357030608208,0.36723326932394135,0.4604957259766431,0.5465102965223871,0.1818418275822737,0.22252450480468947,0.23910458966630013,0.0
-0.462231972987556,1.0150554052605587,0.39556771572380833,0.40139577750067285,0.5863207126018193,0.19819303327704982,0.2375762881925157,0.27340463795164577,0.0
0.5528234322730027,0.17551699424702227,0.7074739542328026,0.5641349697483907,0.6119311403904758,0.0522288911600727,0.19484052539913682,0.2321588584967104,0.0
0.728340426520025,-0.31020969577905483,0.7934956633407482,0.5989262055885074,0.54012310973853,0.05522122448464497,0.20494731148463927,0.338619146785347,0.0
0.4181307307409701,0.32264523133162964,0.6715764665713777,0.5931806971589264,0.4889096141351413,0.13056573492520013,0.20375730829412936,0.36917423384085346,0.0
0.7407759620725998,0.35652325748481606,0.553758182629345,0.5850274529966975,0.4143533441722093,0.245811410385311,0.20721003704104085,0.4853423633418009,0.0
1.0972992195574158,-0.11436724174468571,0.40722383927753725,0.4786218420946199,0.4501954414199824,0.2768916104998317,0.27596439281342144,0.5331501685383753,0.0
0.9829319778127301,-0.8641875351395569,0.4207959852639787,0.4627819368035292,0.40045137116106133,0.296360030692156,0.25862293408059583,0.5157859949219769,0.0
0.11874444267317322,-0.289705131642368,0.40435674783626646,0.4020237889616226,0.3712042002989208,0.2789588507046315,0.22864020065998497,0.49796671833407313,0.0
-0.1709606889691948,0.179064934282757,0.5147849277464751,0.4947558250974457,0.41518689048855617,0.2646570883395181,0.25349513423993975,0.5125140634140972,0.0
0.008104245313562186,1.1570557041760607,0.6162967233640501,0.6325248670681309,0.5301154786715389,0.16665312915815741,0.24088766183557322,0.628746863119132,0.0
1.165159949489623,-0.26442415881545434,0.5500198449117025,0.7712456477029657,0.5681892708224586,0.26484182551447505,0.24083852446644932,0.6165396280467756,0.0
0.9007357906741686,-0.22985044844995262,0.5047678883430795,0.6597273110325609,0.5865112388710049,0.21736019721567282,0.2649082437381894,0.6447931791979605,0.0
0.670885342224216,-0.33428705310553575,0.39969083008697875,0.4813200138885526,0.4589430345593521,0.178310665221117,0.4653753739229714,0.8738223438243253,0.0
0.3365982891186803,-0.6598784360668564,0.47472672244841635,0.3846385311113561,0.4264351855603975,0.24153085023451054,0.5128462418776714,0.8801212114404444,0.0
-0.32328014694817603,1.2621803135946847,0.648753010772212,0.24367923534772135,0.37827952434386974,0.31459548921682845,0.7052153867964945,0.9328339081768465,0.0
0.9389001666465087,-0.5635496672528437,0.992471450494229,0.421769040745345,0.41377929308200045,0.11895351177714561,0.7887198237526991,0.9069679340318677,0.0
0.375350499393665,0.6707143046377388,0.8146867337220423,0.3381208055185935,0.5162009658786163,0.26443144490019127,0.7651788569367378,1.2138492327243455,0.0
1.0460648040314038,0.16066492670625543,0.5629491976901264,0.340384611636219,0.5654772252424054,0.7391134353286034,0.7653935419174851,1.2461029094891598,0.0
1.2067297307376592,0.18858232092424942,0.2945503397742959,0.33561795587966653,0.5756754889253536,0.7679298690840668,0.7588705618786673,1.2578813142524314,0.0
1.3953120516619086,-1.3453354688763346,-0.16139454007676948,0.4277060902749465,0.6141412405071678,0.7676657573028591,0.9956306987391625,1.3345419325031593,0.0
0.04997658278557415,-0.9333137635514875,-0.14893336900353912,0.3651328939419516,0.593681910141861,0.8070836547418863,0.9097769472434252,1.3105305688897988,0.0
-0.8833371807659134,0.5874076952181642,-0.13844512268485512,0.513295166709449,0.6173019748796945,0.8116961011244553,1.0139569282121992,1.2954461005350475,0.0
-0.29592948554774917,-0.7770651829699182,0.11782002558231157,0.43656605523015185,0.7659967617082852,0.6926036585756725,1.2812678553178807,1.2692643147943277,0.0
-1.0729946685176674,2.530612575545728,0.37668557198503727,0.468231840009439,0.7538097091062209,0.7464381564881116,1.2439022603569527,1.297969777635356,0.0
1.4576179070280604,-1.3552000926490664,1.0168067206266624,0.5128798133400183,0.8472521882439068,0.5295165348138884,1.1242179539615054,1.1224659589863895,0.0
0.10241781437899408,0.29557074619092594,0.8791991568874422,0.4057895454186561,0.8277016440736048,0.4839419943474793,1.0250883721755886,1.1058622468658776,0.0
0.39798856056992005,0.6004096858959591,1.1650354561037533,0.6942811262386391,0.9188028935069827,0.3666869456604,1.59909452148425,1.1314030360259975,0.0
0.9983982464658792,1.129212828224579,0.755312084877992,0.7905698388485919,0.9647482152816543,1.666733989227565,1.6254789076607075,1.1236535510692724,0.0
2.127611074690458,-1.358030986358498,0.5597781080338406,0.8157330219710405,0.9103702606380489,1.724604925847402,1.6416368282822336,1.1761761884035073,0.0
0.7695800883319601,0.7620192221285884,0.008952906053374354,0.8005763907393894,0.8728564822077642,1.2110347173341582,1.6039370357829346,1.1115879718843975,0.0
1.5315993104605485,-3.1822276060194348,-0.06762006605013017,0.8222309263417703,0.9705466940712972,1.1180014295416436,1.60681488492428,1.272733958672837,0.0
-1.6506282955588865,1.6713566578040093,0.22352679637352507,0.7213087830499401,0.9779621157681608,2.388282819134595,1.5553004405663713,1.282099623262051,0.0
0.02072836224512281,-0.6472432974569962,0.8258275928191919,1.095427468186419,1.1658704293868059,1.581737607663747,1.040211593529411,0.9651127927018969,0.0
-0.6265149352118733,1.0132301630263107,1.0716879359082405,1.0393875782030029,1.268821982205354,1.4276428947798663,1.188927856278042,0.9307059070089961,0.0
0.3867152278144375,2.600618394764387,1.5921998754254045,1.1816245631477955,1.4577418426042144,0.7435038712188515,0.8971041938135406,0.8926958947238305,0.0
2.9873336225788245,-1.6264579359093767,1.7120819187336707,1.2496137427285536,1.4929853552583938,0.5119587629852154,0.8306164835733204,0.8408024131211181,1.0
1.3608756866694478,-0.11084560897908213,1.2190907697263553,1.1433246607753265,1.4253690206113188,0.22674424947911,0.5628915026131438,0.7255851135872876,1.0
1.2500300776903657,0.7260146846835809,1.3650273435536455,1.1389265917147167,1.4404886859291848,0.3533173937990265,0.5611519808441232,0.7279783596455803,1.0
1.9760447623739466,-0.989919318018177,1.0070872204977654,1.0050074993050573,1.3977412202046562,0.9481261915604453,0.6928031346397481,0.7789811759923667,1.0
0.9861254443557695,-0.46374756681352336,0.7710492508701865,0.9451365736761387,1.3352569696095355,0.7135603423045176,0.6087900847405073,0.7808927989707055,1.0
0.5223778775422462,1.5681806782636536,0.7871455667234362,1.1188624618008238,1.343106689423222,0.7215205765264251,0.8946578985069962,0.7765823735898857,1.0
2.0905585558058997,-2.6302290933949344,1.0675585518242976,1.2346154484863816,1.2931378997736005,0.8875577492160192,0.877156939566991,0.9060447431523286,1.0
-0.5396705375890349,1.3355254518250865,0.9128258398757874,1.2363133905871926,1.1825306783267473,0.6667434679249618,0.8800895703090242,0.9620889682638808,1.0
0.7958549142360516,0.2707521093859673,1.0029277781123491,1.498256386207705,1.215695497563844,0.43747142723857213,0.5672036662601225,0.8687541836979271,1.0
1.0666070236220189,0.857835779424533,1.1192238964820913,1.7338591220606325,1.2792763274877756,0.4434070352530094,0.7358060916052922,0.8921744749929725,1.0
1.924442803046552,-0.6075478069832023,1.4505793568782115,1.7363569677882342,1.3640929946980198,0.8477230235280022,0.7325288590981665,0.992782145545753,1.0
1.3168949960633496,-1.4060558424695753,1.4016723451484654,1.707413380447311,1.3536185657576936,0.8109401164732304,0.729180682730842,0.9831280166181013,1.0
-0.08916084640622568,1.4664963524909866,1.5598009412985978,1.742050780143653,1.4117083553401015,0.884147281762559,0.7129253451130054,1.0429755371664224,1.0
1.377335506084761,1.3460488195178597,1.993584994303061,1.7904749411042549,1.4799672844596237,0.20623504528630754,0.5566796662816975,0.9266064349334047,1.0
2.7233843256026207,-1.0434765812047988,2.3484943476391744,1.7253773655429323,1.4039765170528984,0.2726522269136054,0.648607666554443,1.0519219080216475,1.0
1.6799077443978219,0.42763023241618936,2.0221345786982567,1.5673509170456197,1.3178852971456556,0.45399700887345007,0.5579359014288434,0.9655653171924999,1.0
2.1075379768140112,-0.027778558197921743,2.0131544157461567,1.3516603510608192,1.28965355744995,0.46046608765723385,0.9280827921283364,0.9602678616015246,1.0
2.0797594186160895,1.0721228541492396,1.924300618988709,1.1287479660663018,1.2403566183578412,0.4752734009453544,1.0383032059425576,0.9258030406631452,1.0
3.151882272765329,-2.060296791867297,1.5873648879054485,0.933134608919983,1.16404015663165,0.8246168998562438,1.0106233895533152,0.9083423815833116,1.0
1.091585480898032,0.5434214487392883,1.1022603834466902,0.8246935329149185,1.0243625757763875,0.24801355944182393,0.6352518241373157,0.723715131053785,1.0
1.6350069296373204,0.02826206338945303,1.112567255392983,0.9918290216078057,0.923356133313782,0.24821843617187667,0.9758745006715157,0.9039789650171899,1.0
1.6632689930267734,-1.2681882298269853,0.690166286375482,0.999823751068076,0.9455994626333435,0.5205507013715808,0.9867338087028396,0.9450384793486464,1.0
0.39508076319978813,0.33127898727174976,0.3331953131438948,1.081365930536549,1.0224534722104754,0.33552496379600083,1.1547734939696583,1.1675742782463476,1.0
0.7263597504715379,0.4167600901579579,0.2789043299345174,1.1694596278149922,0.9997126159125507,0.3405953633675859,1.1037031939152315,1.205934047846146,1.0
1.1431198406294958,-1.6201177560796804,0.5471266823831469,1.0825756685628642,0.9965220810769881,0.8684033758045538,1.2486391386686242,1.2078717422635283,1.0
-0.47699791545018466,0.35541204231902124,0.8710907878226284,1.0684196772456915,0.9982902818898115,1.674375122976027,1.2487285419320098,1.2084495749669013,1.0
-0.12158587313116342,0.2452117202840649,1.30948121576067,1.2276467638390804,1.0918145759827704,1.261141425154408,0.9847632461669109,1.0986880786132462,1.0
0.12362584715290148,1.9438456655617837,1.829536547929203,1.3519652706493812,1.1647162592659206,0.8545034786839052,0.7883898928510656,1.022748661224192,1.0
2.067471512714685,0.6954688551122175,2.060014925695467,1.394945704343317,1.2034613159567717,0.2806335472969143,0.6994266296852589,0.9705968560905187,1.0
2.7629403678269027,-1.0479861435868791,1.6180246547425816,1.224031618637857,1.1475736993824126,1.0554636679309202,0.7324429846158241,0.9333670029459222,1.0
1.7149542242400235,0.7637365634714794,1.265748566668755,0.8548832450197581,1.0818868298546498,0.7452045796861134,0.8227063565002121,0.8031307755054915,1.0
2.478690787711503,-1.2026730517272801,1.1458123119174914,0.8913751741986111,1.0485674933080513,0.6949913121368005,0.897462603081947,0.8231972525634599,1.0
1.2760177359842229,-1.4184975780339666,0.8743939933695588,0.9635410138844023,0.9691161991745264,0.2661276572528647,1.1734337070309941,0.7489927786110834,1.0
-0.14247984204974373,1.1440397695075133,0.7298764829911668,0.8299656040101091,0.9510631675974852,0.23358557369369257,1.2505368056774449,0.7871847622687222,1.0
1.0015599274577696,0.11371302302593511,0.8300385825331317,0.910468493591112,1.0194096057004374,0.09896127630268972,1.1522939060200543,0.7569728046873868,1.0
1.1152729504837047,0.0063262444881362345,0.4440179233707614,0.9281608865339311,1.0205995842499482,0.5625875082468437,1.1583343438158296,0.8074150015500398,1.0
1.121599194971841,-0.568169010879578,0.6369380364797308,0.9559823881264602,1.0138372009475372,0.9704573799259408,1.1757121445439176,0.8644015542418261,1.0
0.5534301840922629,-0.19509952843218203,1.0526880343992455,0.9774672478824599,1.0055478167918215,2.0648453742757757,1.1869830450691514,0.9299319870356632,1.0
0.3583306556600808,-1.2868740240141632,0.9300547250290512,1.0119769275702268,1.0432242861834515,2.2474523733685086,1.1684345405042402,0.9889726067929955,1.0
-0.9285433683540825,3.008416884382635,0.9908984046490922,1.0711157801269688,1.105487343503758,2.19268859455183,1.1225993944422763,1.0323589477280792,1.0
2.0798735160285524,1.1204756685408626,1.4123038496971012,1.308890414689542,1.308890414689542,1.285292361823987,0.6804939394549867,0.6804939394549867,1.0
3.200349184569415,-3.260085547328125,1.2750267397731894,1.2232256256518739,1.2232256256518739,1.177388312526531,0.6827198163635262,0.6827198163635262,1.0
-0.05973636275871019,0.7222854165189967,0.9022464613656739,0.9760851807871814,0.9760851807871814,0.2978043824141191,0.21835419801770337,0.21835419801770337,1.0
0.6625490537602865,0.5159348031256756,1.0938991301114023,1.124059687008023,1.124059687008023,0.07599421310157697,0.07437601894696001,0.07437601894696001,1.0
1.1784838568859621,0.21500410952303173,1.1513331556048454,1.200978125882646,1.200978125882646,0.03964053967560564,0.04535689843242314,0.04535689843242314,1.0
1.3934879664089939,-0.05704017387715643,1.2054769796819826,1.2054769796819826,1.2054769796819826,0.054306840005860925,0.054306840005860925,0.054306840005860925,1.0
1.3364477925318374,-0.4379208115619062,1.1584742330002298,1.1584742330002298,1.1584742330002298,0.05683725902918102,0.05683725902918102,0.05683725902918102,1.0
0.8985269809699312,0.051192200257570986,1.0991497131563603,1.0991497131563603,1.0991497131563603,0.06170541742008548,0.06170541742008548,0.06170541742008548,1.0
0.9497191812275022,0.4994837960441457,1.199461079249575,1.199461079249575,1.199461079249575,0.06237101562766744,0.06237101562766744,0.06237101562766744,1.0
1.449202977271648,0.0,1.449202977271648,1.449202977271648,1.449202977271648,0.0,0.0,0.0,1.0
-0.29594094177470714,1.048893252019154,0.11714520972337619,0.06878060520499843,0.1715652659015956,0.2859369632370127,0.36194260030134373,1.1743755640794034,0.0
0.752952310244447,-0.8269305106595997,0.10031746374299119,-0.13640928639014163,0.15928979912567823,0.3009722730269833,0.8905429741911266,1.188716332525901,0.0
-0.07397820041515268,-0.4641151994832896,-0.14555664281698782,-0.17373221457377777,0.05830580021205965,0.22185655854674602,0.8366928249039812,1.2625730964652813,0.0
-0.5380933998984423,1.2788796803591784,0.11127665778083326,0.03353918790832637,0.022890580604904832,0.5224773909580576,1.2646980423218226,1.2957733481473703,0.0
0.7407862804607361,-1.1208659521373683,0.2712958079983112,0.33675794222059635,-0.009380463256574923,0.41707861509032795,1.7455131166238498,1.3517674105944741,0.0
-0.3800796716766322,-0.09633855087881593,0.020416000686620618,0.35633580865253855,0.036617346896670136,0.43326996742523666,1.7647827779916625,1.460979637755033,0.0
-0.47641822255544813,1.686606525129401,-0.37313603652327443,0.35733319936490443,0.03813664088971225,1.368034566898081,1.763322743164715,1.4597573240310677,0.0
1.2101883025739528,-0.9481859513850054,-0.20190778633056775,0.2427434810648461,0.035966150906661595,1.4499413655735718,2.0725786561657484,1.4620805058933068,0.0
0.26200235118894744,-0.7756151072866643,-0.0441982819641805,0.21236063199967675,0.0364984057294625,1.9948324652412297,2.022099253840018,1.4633358593085677,0.0
-0.5136127560977168,-1.8342271016283906,0.4022200764428815,0.2078415814176104,-0.006889648882308297,3.065377036123499,2.0218343833234935,1.4795354466839223,0.0
-2.3478398577261075,2.727562886134193,0.6922556166184567,0.27434992659819285,0.07659206129078225,2.87061135379037,1.9656791549084338,1.5273459462698467,0.0
0.3797230284080855,1.6190127959978036,1.0878024352530835,0.4549888846414983,0.30807307001486683,1.0914403102732297,1.3120137925108906,1.4230117444745258,0.0
1.998735824405889,0.49535831881836834,0.6873947484602599,0.2903438149978973,0.26190951969668796,2.2997864475652294,1.5807700874150776,1.456886905736966,0.0
2.4940941432242574,-1.5575291984440987,0.4689195459635339,0.012241973301483355,0.19637164613376124,1.917721089770179,1.326621868297913,1.3108401447712255,0.0
0.9365649447801587,-1.3066707093331325,0.013463086392339407,-0.3555188687337461,0.18206804874930185,0.9027257318669101,0.7183981130725405,1.2489960148366284,0.0
-0.3701057645529738,-1.2522096410030579,-0.14355576342207083,-0.2831011148591983,0.2153214412566636,0.7114566245238713,0.9527367079433258,1.3201851518469536,0.0
-1.6223154055560316,2.5286752174782903,-0.17782466597008706,-0.28105991758547993,0.3213253872659155,0.7316812950732687,0.9524190190126065,1.4095698588340848,0.0
0.9063598119222589,-0.6895479665539741,-0.10670711846446546,-0.1708111792515229,0.440605476896285,0.5464548397382585,0.766068627086172,1.2162216187423471,0.0
0.21681184536828474,-0.06534114966017729,-0.4444355993605672,-0.13936382054075164,0.4761566607919545,0.31841383608064205,0.8427174195196852,1.2733517016230647,0.0
0.15147069570810745,-0.6929209730011622,-0.7245008238598316,-0.221620879182227,0.5324183627962331,0.2617751278608339,0.8450175075121169,1.304311543315569,0.0
-0.5414502772930547,-0.7252773907348691,-0.42264646629632596,-0.12116580401662833,0.4878232888685904,1.1550709811473578,1.010796391049372,1.3760740138219116,0.0
-1.2667276680279238,0.4844450754696741,-0.38429516920087275,0.16115725538823553,0.6222245376925533,1.1518417085997572,1.4908411832633477,1.4426129264980485,0.0
-0.7822825925582497,-0.40123168456978764,-0.23491524003858033,0.23347522439547874,0.690666972764926,0.9774637532153042,1.3313867057603017,1.273046920562454,0.0
-1.1835142771280374,2.844256760653674,0.16570795827906393,0.38050131896603906,0.6763080516664595,1.1808834224941553,1.2272509484098943,1.3192642474305738,0.0
1.6607424835256366,-2.010436275341426,0.28125906549537755,0.7196549662323498,0.7343448315360755,0.9224834096454988,1.201594528902866,1.167385137779939,0.0
-0.3496937918157896,-0.17013423040067194,0.18031485826306914,0.7137439973725255,0.7000570176742602,0.6847406214941765,1.1907835068604422,1.1261942666820848,0.0
-0.5198280222164615,1.740661421246433,0.7066096799773438,0.9237106921173108,0.7481504806869932,1.2348039629466645,1.140984587653746,1.0691686057310774,0.0
1.2208333990299716,-1.8265921400764407,0.7018656888295378,1.0520221330440929,0.8167668290233998,1.246530403959792,0.9187139555685885,0.9846163583759188,0.0
-0.6057587410464691,1.7617801884105635,0.5952946796530143,1.0916771421246607,0.8316055534935799,1.1813460987352231,0.9462550578463516,1.0007915905099318,0.0
1.1560214473640944,1.1257588693914895,1.158050866969322,1.2864576047746932,0.9251524195247137,1.0963237165942707,0.6264552222321196,0.8981390470520767,0.0
2.281780316755584,-2.8253282947110754,1.2471731364819818,1.0968123817538091,0.9164223877822796,1.1277330993245966,0.9996162060881281,0.8955561147995652,0.0
-0.5435479779554915,1.2315263311028453,1.1408117042572778,1.0832918199968709,0.8075117054188311,0.9528995134164321,0.9692185921097707,0.8235211852944779,0.0
0.6879783531473539,1.5200438423877158,1.4021785772586484,1.1478587211343734,0.8672381794155848,0.3456784363274229,0.796658545810382,0.7299109054258535,0.0
2.2080221955350696,-0.606389400607676,1.5880596045963067,0.9721147843668796,0.8792268864206898,0.21837291885864962,1.2362743002294572,0.7283435711734525,0.0
1.6016327949273936,0.1483403607046696,1.4148643425800649,0.7490346968398012,0.7490626605880173,0.1236101472423339,1.132744162371729,0.7043321338172926,0.0
1.7499731556320632,-0.9866867685807019,0.9464516270256365,0.6863700379759949,0.7761736248010934,0.8262825997268077,1.061230359677206,0.764525213850409,0.0
0.7632863870513613,0.8540971027842843,1.0257719357364643,0.5725902692566758,0.7413389935021012,0.9789205966324477,0.9357098481334931,0.71973689783615,0.0
1.6173834898356456,-0.27533760438178656,0.8935388650100979,0.5815115250027063,0.6525225764624557,1.1182814768551972,0.9398286450435108,0.8657170828987862,0.0
1.342045885453859,-2.082476668298606,0.3561699641374528,0.5715339648624995,0.701340025019391,1.4953996384653425,0.9200536607473243,1.0052009012937442,0.0
-0.740430782844747,2.8870054820309488,0.08320505109953766,0.5638472342747342,0.6975307772278942,1.2552199432079145,0.9087399980949895,1.0005953835320294,0.0
2.146574699186202,-2.044453665766672,0.42628844892635354,0.7360323938107498,0.8065170730489509,1.1608932537024308,0.7264149236609059,0.9128414164603624,0.0
0.10212103341953019,-1.1715820479471106,0.11940860277688725,0.5317315908407912,0.7786603554412748,0.4817518539677419,0.5257144352858316,0.8529261403233281,0.0
-1.0694610145275805,1.0466823347918641,0.2694841849953148,0.5866176376967966,0.8347645004027802,0.5666536914076483,0.5056674881722324,0.8368186464889659,0.0
-0.022778679735716456,0.9977648860250486,0.7868979655875463,0.7863389884744997,0.9558036632308753,0.25194437741270986,0.20315651894772407,0.6542060219872237,0.0
0.9749862062893322,-0.36281073785046136,1.0444894174499308,0.7490906243362334,1.1080814454609655,0.10022623648722614,0.2759201036989142,0.7967552604116488,0.0
0.6121754684388708,0.24032347607279692,1.0457763386951462,0.8659772116261921,1.2043429208325422,0.10005397083428517,0.4516906996103064,0.9471905334100004,0.0
0.8524989445116677,0.6651089439219091,0.9440545789046952,0.9100877177475267,1.1372525518533483,0.22965652363202863,0.44681168366988955,1.1121692337526456,0.0
1.5176078884335769,-0.25242930885737036,0.9037510903982785,0.7235336279222049,1.1188523352011812,0.24353403129209025,0.7815203818952231,1.1290810813718783,0.0
1.2651785795762065,-0.2837577670607976,0.785780011361453,0.8311460851762824,1.1082617529496879,0.1543680355719124,1.0566489153332552,1.122766022618471,0.0
0.9814208125154089,-0.8778541430287927,0.45369183122253587,0.8312143201810539,1.106303620301834,0.27709307696454405,1.056708189656051,1.122224346081906,0.0
0.10356666948661619,0.5474148324929676,0.6861780845572379,0.8770017522871519,1.1550737463898602,0.7386719761968117,1.0893317292451943,1.1552352242921622,1.0
0.6509815019795838,0.27677099126986604,0.8761208565903583,1.0255891200417584,1.2499540413544354,0.6616593483940099,1.0581902157865828,1.1267437581430573,1.0
0.9277524932494499,-1.3230148143678295,0.5433161654461314,1.0829113631087637,1.3769515395996417,1.2545500649357257,1.0448160738640548,1.2810466567569705,1.0
-0.39526232111837967,2.5391144003072994,0.8765121589911116,1.1252683379872508,1.3492544016332861,1.9548136337878532,1.0478189730461547,1.3205052102582229,1.0
2.1438520791889197,-1.0905715495367017,1.208736809139572,1.467072266585698,1.4241553908976228,1.5512768430086887,1.0598415978207645,1.1657661592764152,1.0
1.053280529652218,-2.066322483393769,1.0678254200170658,1.5427086300388921,1.3631217110301328,1.3671641379617838,1.213707660876262,1.1486917762118656,1.0
-1.0130419537415511,3.606774414715902,1.175057383493158,1.3644173859591695,1.4326508231418473,1.4100395596208015,1.674319060126751,1.197457462927988,1.0
2.5937324609743513,-1.3278715313504288,1.6225065607713962,1.514171042480158,1.5730281660823524,0.25275612811123294,1.1640880201990915,0.8852279254023211,1.0
1.2658609296239225,0.17343420395246545,1.37402451698339,1.3853774207230936,1.4980353187781674,0.017065039126938544,1.0352969432526853,0.8389914985321854,1.0
1.439295133576388,0.15014521345629084,1.7254077240318235,1.3813929204226134,1.5052435211296404,0.4349319354850418,1.03639225642588,0.836631584018134,1.0
1.5894403470326788,-0.36523641438303844,2.0175918400607187,1.4331457404925683,1.554437612446059,0.6092230574694719,1.0664906515306172,0.8761241558077184,1.0
1.2242039326496403,0.12711830938467972,1.553777388425181,1.4743189626671127,1.5237578826337217,1.866884139564845,1.0946180646682442,0.8918600775339002,1.0
1.35132224203432,1.6714547228317704,1.4058355241889193,1.6709917160905192,1.518948275643306,2.0519467432400877,1.3443579888683133,0.8951810651462431,1.0
3.0227769648660905,-0.12256125114522654,1.3967303244627973,1.5732404652793217,1.6046242253690164,2.0532710705317863,1.4928519340549986,1.0059250247564826,1.0
2.900215713720864,-3.6298476248658744,1.0373781168134033,1.381238515209548,1.418935994527767,1.4011602071621512,1.268007004294415,1.1343787406228272,1.0
-0.7296319111450102,1.214126522613343,0.8486996409244181,1.1835347920213732,1.3335478658567541,0.8406037589909137,1.019172968589352,1.0199428519431948,1.0
0.48449461146833295,0.8213016319353764,1.394860536909044,1.5008842603245256,1.4098726212372092,0.30972470692374277,0.7112842618296997,0.8156833657659114,1.0
1.3057962434037094,-0.07978031678458786,1.9361479079921196,1.631885289684547,1.4404011763697881,0.4961536222890227,0.5994395086081026,0.7768903194776761,1.0
1.2260159266191215,0.7308074076568156,1.749750606095846,1.6106932168332413,1.3330415853809832,0.8701211379560732,0.6173024498233107,1.0247881343426908,1.0
1.9568233342759371,0.04434923450218298,1.7250989136056927,1.6290941218366672,1.3645519328517328,0.8983738542563684,0.6061929690194059,1.036908440907767,1.0
2.00117256877812,1.1897588981055884,1.5183699431183286,1.6757294843995498,1.3918569590409535,0.9735130213675486,0.656334223680856,1.0834181378104812,1.0
3.1909314668837085,-2.817121732961366,1.6069079837400069,1.5731968026003307,1.3283918296005206,1.0903617568818917,0.6842136767846267,1.082606180169317,1.0
0.3738097339223425,0.7289477302460112,1.3276226713769748,1.3669048351960928,1.2023231329666266,0.5175739131284237,0.3997697258581224,0.9149633003152096,1.0
1.1027574641683537,-0.17957898232923553,1.4716358275706365,1.6360079854587113,1.289657526892149,0.3258098466734851,0.5170282346632311,0.9151665000702234,1.0
0.9231784818391182,1.520684290047394,1.5330893300676425,1.456633473845986,1.1857377732391572,0.29557824369721586,0.9979082770573442,1.1591987058088669,1.0
2.4438627718865122,-0.6493578668179647,1.8330890256807713,1.4835609396921348,1.1266409403141215,0.28963137552969054,0.9757048906539589,1.2565878285360566,1.0
1.7945049050685475,-0.7006293901778955,1.5394856214606547,1.3188609821498927,1.081800854923251,0.2757927092196974,0.9035162328034032,1.1766611816225572,1.0
1.093875514890652,0.31614946176273073,1.406186999015211,1.2489170630550293,1.079723341865974,0.27887936179919703,0.8810087990433708,1.1737818828318152,1.0
1.4100249766533828,1.0131519832513793,1.8003801433467863,1.0553899539287246,1.1212244904330029,0.6542102100754129,1.2780929619658696,1.2076811070175713,1.0
2.423176959904762,-1.447331209118834,1.3801776176243294,1.100009743866798,1.06993288815709,1.6885473145162995,1.3276587732902456,1.2280407684815373,1.0
0.9758457507859281,0.15216604205540107,1.1340328537034978,1.1079844336823566,1.0296449092392272,1.4174386399884673,1.3493348306331727,1.1498411348753885,1.0
1.1280117928413291,1.9368294437072004,1.0982363428391309,1.0835868566007105,1.032476443894664,1.4338892934451013,1.361139733943132,1.2101987375724155,1.0
3.0648412365485296,-3.755828888507432,1.0916471270948473,1.0377414307371606,1.0271689245087383,1.4336705707737054,1.3759826013547993,1.2768967752922753,1.0
-0.6909876519589022,1.883440792259508,0.310399764510663,0.9433070683255871,0.9073058473299271,0.7919549491980068,1.07338748517868,1.0933995194355421,1.0
1.1924531403006058,-0.39558994383651336,0.8198418701092667,0.9148420726323284,1.007199191035479,0.8097821570925602,1.1737201733458602,0.99209942741678,1.0
0.7968631964640924,0.2982025176558196,1.0819360136612146,0.7697209409361088,0.9948489277511372,1.279873980906682,1.2826869945061523,1.0557989251934845,1.0
1.095065714119912,-1.9364612904923055,1.06893737036229,0.8447407276966092,1.0089907657002117,1.2879609595470627,1.337411122600288,1.1282132604272077,1.0
-0.8413955763723935,2.69761845240651,0.983835734379474,0.9105296206769189,1.0023696158217734,1.3124829837362793,1.4093019360406602,1.214385141084707,1.0
1.8562228760341166,0.6467009820262297,1.5762143721405109,1.1870590269372807,1.156016715171287,0.5536767107148002,1.1286008796758067,1.0086872980410135,1.0
2.5029238580603463,-1.7710538780908776,1.0098422751553906,1.0398560324473816,1.0923616096383026,1.5196081126403147,1.126613529174064,1.0517624737924844,1.0
0.7318699799694687,-0.06231244576363648,0.45750586821100236,0.9513053847960983,0.9513053847960983,1.0905435048321357,0.9380732769376537,0.9380732769376537,1.0
0.6695575342058322,1.450940078226958,0.6205440850309285,0.9756870964435015,0.9756870964435015,1.2863330164883877,1.0363589624132663,1.0363589624132663,1.0
2.12049761243279,-3.0961352213242748,0.8372235069743637,1.0139532917232104,1.0139532917232104,1.4953733157326965,1.1527251174042612,1.1527251174042612,1.0
-0.9756376088914849,0.7168794322298906,0.7979036817340507,0.8558755316218417,0.8558755316218417,1.4006412832363229,1.1174915082669716,1.1174915082669716,1.0
-0.2587581766615943,1.8058192407306937,1.0698697897393727,1.1611277217073963,1.1611277217073963,0.7318172944542476,0.6514877961139416,0.6514877961139416,1.0
1.5470610640690994,0.20589357985390877,1.4451049013811943,1.4451049013811943,1.4451049013811943,0.29792712388382225,0.29792712388382225,0.29792712388382225,1.0
1.7529546439230081,0.17094384230821724,1.419615860709218,1.419615860709218,1.419615860709218,0.3691604488828895,0.3691604488828895,0.3691604488828895,1.0
1.9238984862312254,-1.5397055550960999,1.3085029329712878,1.3085029329712878,1.3085029329712878,0.4428296010018749,0.4428296010018749,0.4428296010018749,1.0
0.3841929311351254,1.2332244504123877,1.0008051563413192,1.0008051563413192,1.0008051563413192,0.38021063627373386,0.38021063627373386,0.38021063627373386,1.0
1.617417381547513,0.0,1.617417381547513,1.617417381547513,1.617417381547513,0.0,0.0,0.0,1.0
1.9929473659417791,-1.732242659647246,1.249515843041045,0.8604077485633536,0.9626912580328815,0.5202054372233332,1.3468573681239189,1.657740217563008,0.0
0.26070470629453324,1.4519590452767028,1.132584357273506,0.8984468195835857,0.849791028896383,0.40103622160013586,1.4460416163180274,1.6672906893010286,0.0
1.712663751571236,-1.2171567695748977,1.4103781959043307,0.9977065711535671,0.8974879344797951,0.22530829858602575,1.4081098533920648,1.6543204011242145,0.0
0.49550698199633836,1.2902494274049991,1.0148547730037458,0.6926091948771118,0.7822008212837789,0.6119413754964454,1.809606414698171,1.718893118637213,0.0
1.7857564094013374,-0.3774664722972536,0.5376193924488419,0.9531242160412781,0.8273786129155756,2.0186580906735196,2.317722926647387,1.7317683538481128,0.0
1.4082899371040838,0.2413839623445737,0.4712996540856624,0.6834321844585998,0.7456794828995492,1.870699080648384,2.5232185181632873,1.701991298511123,0.0
1.6496738994486575,-1.9146272623803449,0.6643092818936654,0.6781863837238158,0.6532607591441861,2.3814062379249217,2.515861265328546,1.7417992629728658,0.0
-0.2649533629316874,-1.6257165578464945,0.5850349464028037,0.5790942436473394,0.6564904176824446,2.2503156684492347,2.4117009813714616,1.7484335945765015,0.0
-1.8906699207781819,3.344827638363622,0.3703636167504779,0.7724168073864379,0.7551353241421103,2.7995870286555595,2.4217166097839673,1.751527657321746,0.0
1.4541577175854399,0.9191803585586595,1.3686290396337144,0.958918652642238,0.8866608100498995,2.2714992457640926,1.7414218765804672,1.3842261318330296,0.0
2.3733380761440994,-1.120035854149751,0.8955647148315371,1.0649747675024093,0.8509030419736163,3.0857375347933407,1.947699234383292,1.36793502780385,0.0
1.2533022219943484,-2.5916122331876648,0.692063485553966,0.8011352382091801,0.746887273779212,2.6499311448217613,1.8838049903492358,1.2567868492215848,0.0
-1.3383100111933164,4.438967204831317,0.5731535408918751,0.7972692978060234,0.7306475590065815,2.5730157103952327,1.8804433985828655,1.2453496189723956,0.0
3.1006571936380007,-4.011821100063448,1.1744699980223978,0.871792447690446,0.7842995755991825,1.720552654711264,1.6121265035318721,1.0780343660054927,0.0
-0.9111639064254469,2.2669958361816915,0.5492082656507616,0.7016330097898733,0.5223506340157579,0.8756193049794312,1.1141898676379443,1.168227225194403,0.0
1.3558319297562444,-0.6970794310723514,1.2343848201732814,0.8079267813404986,0.52605645655868,0.7522614020813478,0.8730146265325647,1.157863453488928,0.0
0.6587524986838931,1.0095197757754046,0.910206990864394,0.6283351345645564,0.5636083121073578,1.0938855414221493,0.9664946870958158,1.2469753661514558,0.0
1.6682722744592977,-1.693923742679478,1.0213850547201715,0.7338865917175501,0.5751682786295763,1.0874153417760952,1.0731858722709966,1.2517141170685737,0.0
-0.02565146822018033,2.5403703344073327,0.5691148973584939,0.737853840897783,0.5287270059528042,1.3204729534025772,1.0807414055332762,1.191162879948707,0.0
2.5147188661871525,-2.7797760829753453,0.8540577539289849,0.8144029674575611,0.6126665500377897,1.3062938250447103,1.0165879954533934,1.2319654213661955,0.0
-0.265057216788193,1.4797000347509746,0.38146874250771545,0.6368313164448234,0.6062282695743327,0.6300349332135746,0.6965174138826582,1.2082611064823172,0.0
1.2146428179627815,-1.8077213303118733,0.34646327826471873,0.6926393093492441,0.626432508089982,0.6802003460216496,0.6238830248043438,1.180809800744881,0.0
-0.5930785123490918,1.9921413269813666,0.44638812871492844,0.6640258202071398,0.5537459734105156,0.8936456703081582,0.601378927200604,1.1956831767205796,0.0
1.3990628146322748,-1.247289005551469,0.9065927844370719,0.6968067035079193,0.5614697350736639,0.7840641955304644,0.5286322231455578,1.1791010521159928,0.0
0.15177380908080584,-0.5918583470839824,0.7747481809861376,0.34306825824164255,0.58783253167981,0.7237371616818885,1.1579802422244394,1.2364685879592743,0.0
-0.44008453800317654,2.154351608217006,0.8921938903819313,0.24418613177686202,0.47777513223988877,0.6325798062161719,1.2838105204600758,1.5625915582420435,0.0
1.7142670702138298,-0.006322303952203345,1.0388153404337697,0.49888148965015944,0.5959371124312087,0.32789001459216915,1.5190769221162836,1.6109621435866424,0.0
1.7079447662616265,-0.9681049688840238,0.8816635116993512,0.41644996554160263,0.480656244321505,0.21437985457693176,1.379859356047167,1.6056219393445155,0.0
0.7398397973776027,-0.0008374413178289242,0.48702062257876655,0.3196001710078255,0.3650823359072007,0.185179851257425,1.214116288175929,1.5757261146962487,0.0
0.7390023560597738,-0.445979643803758,-0.08861166450285252,0.4109301326180181,0.2285248915595596,1.2195282113656039,1.3659476830522692,1.8276850488474552,0.0
0.29302271225601584,0.6354852142857217,-0.4038216268282072,0.575625222703842,0.1651555500631086,1.0952131242792482,1.7181317061264614,1.8392856026913253,0.0
0.9285079265417375,-1.1937776058830345,-0.0410523611334507,0.5602257068307197,0.1693593703261251,2.127206703196363,1.7289698956194512,1.8406964338173986,0.0
-0.265269679341297,-1.8730519586891958,-0.0487635806161459,0.4434661266138912,0.1333932129857942,2.112491570460067,1.7656641370215809,1.8106668459850863,0.0
-2.138321638030493,1.301274182463493,0.15217971943688446,0.42613276663940863,0.22110208709628182,2.1869935098859976,1.7929376910364787,1.8868983844706648,0.0
-0.8370474555669998,2.943916496296798,0.9104719297388888,0.8325968051179771,0.4666365389916942,1.0132831405974365,1.195137834590681,1.8737149364786263,0.0
2.1068690407297983,-1.2169172116015365,1.5550720722358915,0.7113641327029153,0.5842502967112175,0.42241802585716065,1.7322449537493796,1.829879513614161,0.0
0.8899518291282618,-0.15050500820440693,1.1615037747948902,0.6929927352122578,0.5182866065854,0.6076624580130888,1.6840077772301665,1.7116773714790372,0.0
0.7394468209238548,0.9136925925556737,0.9356958338439281,0.5448625231014071,0.5348082105251009,0.9342565342235589,1.823139630172339,1.7291446872271314,0.0
1.6531394134795285,0.7328138434384848,0.7000858138419327,0.4105645008065757,0.5570337667385015,1.2487813280438627,1.9331986865687003,1.7476266327357362,0.0
2.3859532569180133,-2.246925703393221,0.7547216804970655,0.04611965050110121,0.5003636173057313,1.3648634585144805,2.2228790707114525,1.68441230204382,0.0
0.13902755352479204,-0.3781154291513401,-0.1323438068300607,-0.24531412257762505,0.36335070439401906,1.6183857071796388,1.6234687949406077,1.5243902716714668,0.0
-0.23908787562654804,-0.19951540345957441,0.22448169562962525,-0.22150696617846938,0.40128654153289034,2.321347908025646,1.6468699859902998,1.5347139256848723,0.0
-0.43860327908612246,2.364922025841315,0.15402921235888614,-0.1766797006423027,0.531079260910599,2.406521372549199,1.6633791314169575,1.6885589017045468,0.0
1.9263187467551925,-3.97569292647281,0.12104318777121863,0.016071407553155125,0.5991217307326618,2.449970863690104,1.8967839187970181,1.6445654880653706,0.0
-2.0493741797176175,3.972529245540839,-0.6624823794948631,0.10067627286541121,0.5844912902176373,2.0766610090796225,2.2844382056001313,1.6097974800797092,0.0
1.9231550658232217,-2.5145053578034653,-0.3582844383251894,0.4571364607195198,0.7807578552403796,1.6030272982213671,1.8951982188778935,1.3078087494180024,0.0
-0.5913502919802436,-0.01218311004421646,-0.667495627986564,0.34358047795854224,0.7655029865008515,0.5745802910322038,1.6783025029683398,1.2773760198112587,0.0
-0.60353340202446,-1.387775687550756,-0.5073886136434915,0.5247538979487947,0.8390424717464955,0.7015001200078591,1.6349475658791597,1.1805644984182218,0.0
-1.9913090895752161,1.4629246157059672,-0.08890037266490838,0.7035030326704272,0.9609051071103438,1.3215588246196346,1.5191480871774983,1.1111318390967755,0.0
-0.5283844738692489,0.9054835913855975,0.8638349252256855,0.9546075841103612,1.1272566490151767,1.32739314477594,0.7332703706193746,0.6547049461810064,0.0
0.3770991175163486,-0.16791433778122966,1.2725573597642288,0.9720155313656631,1.2721525268638758,0.8575466543366563,0.6843660052174838,0.5738152913088744,1.0
0.20918477973511895,1.2797230231333367,1.3546565839036486,1.02408004924425,1.2732651816984255,0.7374749308782362,0.6468143588846063,0.5718470423175294,1.0
1.4889078028684557,1.2834595970092975,1.5568964095410807,1.2388382224635006,1.3847848635059097,0.43775868327839546,0.7118931766752532,0.5708113758068816,1.0
2.772367399877753,-1.2571397010542849,1.4959064380057627,1.1821720539121683,1.344290091408646,0.4609310361612898,0.7124516986142688,0.5935352111846915,1.0
1.5152276988234683,-0.7276324606100216,1.045380242995037,1.0683063075698636,1.364616901730608,0.12266824526082196,0.4670028125282176,0.6594421294728265,1.0
0.7875952382134467,0.43278866970883356,0.6714737029670973,1.104379249761239,1.2001932831673394,0.3305345748640053,0.5109576659748597,1.1235815854547595,1.0
1.2203839079222802,-0.03642596273041443,0.6935035145848515,1.1874254950431609,1.2097116284771388,0.33759209635614323,0.5204123302249072,1.117448463174016,1.0
1.1839579451918658,-0.6642215203677416,0.9207800353859202,1.153331045544196,1.3056120467856287,0.7837056493379565,0.528626815717698,1.2942363297033281,1.0
0.5197364248241242,-0.874041426140355,0.8684376698185741,1.2183071815502609,1.2890028367494824,0.7671138335420735,0.5706039351641077,1.3035189380560586,1.0
-0.35430500131623077,1.2520492976184485,1.09123237214469,1.2999057139199923,1.3245000014021964,0.8102861709218351,0.5165241225176237,1.2728463103534806,1.0
0.8977442963022177,1.459022215625406,1.537284796555381,1.5722895223620887,1.3666413783268614,0.31656633219544383,0.2831001452668766,1.165094018881367,1.0
2.3567665119276238,-1.434520394572489,1.6813474755014703,1.522450314152601,1.3461617637422525,0.21531471853395426,0.3726932652780425,1.1922685595779396,1.0
0.9222461173551348,0.711463819099569,1.385882055702472,1.5307315045483187,1.345528943762507,0.1653880374461702,0.38712873087538624,1.1909971065867937,1.0
1.6337099364547039,0.24224718428252134,1.5681766932819476,1.5064081289051234,1.5235892786482181,0.12927668630740372,0.422054207591696,1.6426615172764794,1.0
1.8759571207372252,-0.2578994297045627,1.5085790556952945,1.6609274958913527,1.5122017029772385,0.13567294697806806,0.6762815099936484,1.6426173633426449,1.0
1.6180576910326625,-0.7386182781000282,1.6072942481687964,1.2960073165734398,1.4696631605565316,0.2471832966807038,1.717844846939569,1.6460511370386413,1.0
0.8794394129326343,0.9542798923198784,1.363553152803732,1.2319977619111169,1.439515258721833,0.47957519625267364,1.713491252636251,1.654372593279098,1.0
1.8337193052525127,-0.4979975567310746,1.6755809533941655,1.4578930480270613,1.4317901330877134,0.5669066986427114,2.0134668370107716,1.6641597795810088,1.0
1.335721748521438,1.0338113345832962,1.4446395645282992,1.359698491948704,1.4129422806750256,0.7072010177856405,2.026438189619915,1.6557583654172157,1.0
2.3695330831047343,-1.9701808688973943,1.8132759360874107,1.3490942888844006,1.4035669536665238,1.1704699785488852,2.027958740235823,1.6588763392724466,1.0
0.39935221420734,2.040226201677462,0.9847203849780831,1.1609932342916338,1.3069766050584453,2.9947072896343303,1.9625055742055895,1.6495345423407533,1.0
2.4395784158848017,-1.7605660549616196,1.1004423710185018,1.1698732133319043,1.3770060280462029,2.9127936672740105,1.9496885478662733,1.6155919991748846,1.0
0.6790123609231823,2.499891245393813,1.240205142659957,1.1603263829766957,1.3388933009357673,3.3652509270925974,1.9262655052549569,1.5621959556574276,1.0
3.1789036063169953,-4.952148278758899,1.2747574193691087,1.540770428391313,1.351170156861631,3.331245389832245,2.862678443148275,1.5488571318369753,1.0
-1.7732446724419038,2.7512068168513375,0.8849126416813906,1.3634759100631246,1.1329478456641244,2.454518298722561,2.5647144937357766,1.6559512616339418,1.0
0.9779621444094337,2.160430129682644,1.3372660836051844,1.6433190045396238,1.2558426022266245,0.8681596239666147,1.513944722838754,1.2285989201817098,1.0
3.138392274092078,-2.2866185296231385,1.2393040556453065,1.6470327555325492,1.2219997553808162,0.976942144729839,1.509126910956774,1.2691688791023583,1.0
0.8517737444689394,0.37790597340946597,1.080447623293434,1.4056872181483657,1.2111912724423883,0.4745188509202437,1.3134899978145842,1.2299619301838913,1.0
1.2296797178784054,-0.7411571807013403,1.8067834374135174,1.4661860694013469,1.2323376965304944,2.2525856545262086,1.27940873913865,1.2232573930240072,1.0
0.48852253717706506,-0.0003705325670203541,1.842039178444859,1.458039618448647,1.1479897000679262,2.2168650850605767,1.2838593958921396,1.358882889009634,1.0
0.4881520046100447,1.8559581077226706,1.949371925474063,1.4529599758252572,1.1353233655900354,1.9723930408858894,1.2939412213950356,1.3786372368873674,1.0
2.3441101123327153,2.1393427027366414,2.054761455419792,1.5841388427605014,1.1693850161679296,1.7088262917602268,1.1956874446205592,1.4279931706585756,1.0
4.483452815069357,-3.0774943920342435,1.7309268130032975,1.5174602188948392,1.1041225108254415,1.940899556586124,1.1343541176810947,1.4264014271160645,1.0
1.4059584230351132,-0.3807721507120285,1.125588701389176,1.1615698853319496,0.9053383752816815,0.07421868955745525,0.16313929459741838,0.7990350076271724,1.0
1.0251862723230847,-0.010086617984393476,1.0740400584524352,0.9024197812651243,0.8740496222970922,0.05594238256913403,0.6409016525810072,0.8323319325272494,1.0
1.0150996543386912,-0.29016275408844994,0.9565480261764513,0.8683661999136255,0.8639738456286925,0.12263975439592482,0.6429771928258149,0.8861963876215226,1.0
0.7249369002502413,0.7318253567485089,1.1135162301012105,0.7969667552290831,0.8531791450065499,0.2395773103883779,0.6679047448119757,0.9477482461716633,1.0
1.4567622569987502,-0.3085470486473405,1.303993624786381,1.0166953267364112,0.8630439330647273,0.23667270517553476,1.070776516761073,1.0192895608075787,1.0
1.1482152083514097,-0.7104890974082447,1.1975510692747229,0.998489323659642,0.8135674060702255,0.24947060844153413,1.0577359239206745,1.0724073101368539,1.0
0.43772611094316494,1.3622145630193212,0.7307995040778131,0.8379397816872054,0.7831448785901179,1.1669538835091813,1.2416444783513452,1.1587925216463237,1.0
1.7999406739624861,-0.12261680028639144,0.7801843736507995,0.8176867553548132,0.8176867553548132,1.1477625622896108,1.261547220056255,1.261547220056255,1.0
1.6773238736760947,-0.7527743942356356,0.48041728035695563,0.7085474310650718,0.7085474310650718,0.8958250391519341,1.2826052123316252,1.2826052123316252,1.0
0.9245494794404591,-2.110092097073598,0.7293970286864413,0.587450375738694,0.587450375738694,1.739799704221793,1.3109503925946,1.3109503925946,1.0
-1.185542617633139,1.8701930764412364,0.7994275780445614,0.5392933609241561,0.5392933609241561,1.7867500822651685,1.4796762355013333,1.4796762355013333,1.0
0.6846504588080974,-0.38354525131483164,0.9450800592965976,0.8267660240170386,0.8267660240170386,1.2933769950210732,1.1478052172382247,1.1478052172382247,1.0
0.30110520749326575,2.6211174078302575,0.8551891370588269,0.8551891370588269,0.8551891370588269,1.372519020555952,1.372519020555952,1.372519020555952,1.0
2.9222226153235233,-1.6475203890924643,0.9937101194502171,0.9937101194502171,0.9937101194502171,1.6197084628815608,1.6197084628815608,1.6197084628815608,1.0
1.274702226231059,-1.7319824376040167,0.3508726208257816,0.3508726208257816,0.3508726208257816,0.5066510852911971,0.5066510852911971,0.5066510852911971,1.0
-0.4572802113729577,0.6924760589922012,-0.1110421818768571,-0.1110421818768571,-0.1110421818768571,0.11988077306934264,0.11988077306934264,0.11988077306934264,1.0
0.2351958476192435,0.0,0.2351958476192435,0.2351958476192435,0.2351958476192435,0.0,0.0,0.0,1.0
1.8054936188349269,-2.711455056670894,0.487959216295072,0.44472802442807824,0.2539925049784915,1.124009861347265,1.430703791108556,0.8849478508825639,0.0
-0.9059614378359673,0.33317617500112173,0.2527913355372048,0.2580824889866584,0.15848322629812062,0.72554204336609,1.2362711482538282,0.7619007703369738,0.0
-0.5727852628348455,1.9203644918227307,0.002640304475993549,0.3391258961363547,0.22764710938515384,1.5555705987387125,1.1067072810324767,0.7055477294812602,0.0
1.3475792289878852,-0.5821092946645245,0.37075304721199437,0.4539324605802836,0.222033067441199,1.6739555965507722,1.0159454317081085,0.715133883175166,0.0
0.7654699343233606,-0.1358157192777696,0.25719967007897443,0.44156930527976124,0.15289547960841743,1.5036892507588164,0.995224472625706,0.650318904942974,0.0
0.629654215045591,-2.7863708081876144,0.40149683256108454,0.32213398743141997,0.02417933539500573,1.7336598489693649,1.0462372798093147,0.8074115310760808,0.0
-2.1567165931420234,3.424495043987182,0.26337364243611205,0.2847605919208398,0.018429124017055855,1.7469442605319148,1.0358220658489712,0.8010765476789526,0.0
1.2677784508451586,-0.48796610752237335,0.6756114877967158,0.4372705372910345,0.06950328273180202,0.43139885653619425,0.5004565125473209,0.6284518965871487,0.0
0.7798123433227853,0.7071434034111259,0.5371118739485727,0.330263011357458,0.007878862595236801,0.3440976372488594,0.42577081380977944,0.5529196857752774,0.0
1.4869557467339112,-1.5479174823131827,0.6259389404805482,0.25376324139994366,-0.018297998146879844,0.41877536972445295,0.40965990608194935,0.5255254280488437,0.0
-0.060961735579271426,-0.03456563075973318,0.24277114230175534,0.06325698552890476,-0.0683394336080249,0.34621778827511474,0.26643183389716457,0.42245407179187244,0.0
-0.0955273663390046,0.6708077479434483,0.3061475414055675,0.05888396360958281,-0.027998706278173337,0.3237850679495027,0.2676903661639187,0.45396942654939976,0.0
0.5752803816044437,0.6486672943782185,0.19892958678535327,0.11616832263395294,-0.029569417276718062,0.45590135118254443,0.27953313813900443,0.45422843809532687,0.0
1.2239476759826622,-1.6528309201427154,0.1234141487663432,-0.009866325697885647,0.0491846418682371,0.42187108646022387,0.30676767756567214,0.6673390265694641,0.0
-0.42888324416005313,0.6848035040998424,-0.11841245768066085,-0.13577834606292652,-0.0006685125202131881,0.1235149404671726,0.13874818200478295,0.5974291437974572,0.0
0.2559202599397893,-0.8875373993798649,-0.11625717124394583,-0.27377531664140853,0.16892723322673794,0.12219521455547919,0.39103183300256517,0.9986739728267043,0.0
-0.6316171394400756,0.829320330949469,-0.18837961418640187,-0.24790234388672813,0.22581988939886624,0.08931711056939293,0.42446612791736527,1.0700712137431014,0.0
0.19770319150939347,-0.18288854776175167,0.03340705848255258,-0.29826397182743053,0.2576808055733476,0.08946607140758875,0.48594177357490587,1.0347209967517028,0.0
0.014814643747641798,-0.43292145572412,-0.14314680016211453,-0.3145052861669845,0.2617151323934012,0.15613689892430055,0.47220547899449106,1.0345462982225897,0.0
-0.4181068119764782,0.3134148572039875,-0.15314423444519215,-0.2903592376937034,0.261582488973509,0.15337827538378274,0.49335631388822954,1.0346121319642236,0.0
-0.10469195477249071,0.5820081786771872,-0.4312934620388712,-0.19993585274495462,0.36895838693572924,0.6102445191907389,0.5438410746272556,1.107709719715256,0.0
0.4773162239046965,-1.1623823256186387,-0.30742507358705434,-0.11488137616592953,0.3254440583372424,0.7525292345633815,0.625151290281231,1.184907312009175,0.0
-0.6850661017139421,0.6498935740461957,-0.6299350021374137,-0.17530715718738912,0.3090516280050449,0.6624061310484514,0.5864447603831083,1.1850337278939693,0.0
-0.03517252766774631,-1.7736804222771272,-0.48586377217185445,0.10823560943435986,0.34612602528672676,0.7295465976129192,1.0209363420322655,1.1374368043234382,0.0
-1.8088529499448736,2.323502937431467,-0.4275742409422147,0.13444132102250012,0.35296916130143274,0.7956784381596986,1.0196007713502522,1.1331079903030816,0.0
0.5146499874865937,-1.6498834063336938,0.031421756548961996,0.6116297830948845,0.40298102338431835,0.37038494330737926,1.214345017331326,0.96439703238327,0.0
-1.1352334188471,1.1705234669609543,0.0776623212551953,0.6995421226844607,0.39221349998573696,0.423627195165885,1.266850790950655,0.9641950876581774,0.0
0.03529004811385428,0.22098508036659825,0.2793206877626354,0.8136255829741257,0.46841997233858546,0.09711043490995817,0.9653510288900982,0.841733507018065,0.0
0.25627512848045253,0.22985190903055697,0.7023349910405741,0.8379355509537868,0.4514687596215417,0.6064179360018397,0.9328271759188762,0.8618771906163569,0.0
0.4861270375110095,0.25972577350675075,0.6964568829872149,0.8135242156407214,0.4561131905538313,0.6118001207597775,0.9665886107674503,0.860473907974853,0.0
0.7458528110177602,-0.8727943973276594,1.1918378096408069,0.9378526266164131,0.4905254150149817,1.3850223832186448,1.02429705291953,0.8850394171066464,0.0
-0.12694158630989916,2.2773031508134465,1.321421924113726,0.7657694928404142,0.5532227500730953,1.33660541188402,1.3568903571963054,0.9917442723444478,0.0
2.150361564503547,-1.9234769762898907,1.347930478185616,0.7934104131974788,0.6426314156418835,1.2626281807763147,1.3144158298186495,1.022003381074517,0.0
0.22688458821365642,2.736147082565313,0.9735361108669996,0.5840164411390936,0.6006416862883202,1.2224613921383591,1.1407535667057869,0.9288846293492234,0.0
2.9630316707789697,-1.5692582873966143,0.9305915482942279,0.5714970015803654,0.6803412093119466,1.2939675800259096,1.1511063753019615,0.9899963698964104,0.0
1.3937733833823553,-1.3881721993328038,0.6838674435920196,0.19433226367375225,0.6781578638642995,0.5345547762285455,0.6273804375776988,0.9801191391910784,0.0
0.005601184049551622,0.27278854386091306,0.21011706156710264,0.08488487728701341,0.6299606414692647,0.7596760537487055,0.47263761970591134,0.9552742511893108,0.0
0.2783897279104647,-0.2662279525606669,0.2388903482093414,0.12321436170304509,0.7387835537138886,0.7512184739120884,0.4797821579175193,1.044391120660159,0.0
0.012161775349797788,1.71724937191813,0.19449677141118765,0.06500196828929643,0.8162673953591835,0.7555945950633403,0.49221404370855504,1.0871161246802608,0.0
1.7294111472679279,-2.704389674010157,0.21240245486650303,0.09870216546694106,0.91778739276994,0.7503473836187452,0.49887392347493237,1.119670411368926,0.0
-0.9749785267422288,1.1244461440029743,-0.29520291624451495,0.043198203413550254,0.9010976176853036,0.24091671417163152,0.34557851281553964,1.0978711987922258,0.0
0.14946761726074542,-0.09304577334104933,-0.040347306993075795,0.3406760073057762,0.9816671289472799,0.15423298570399266,0.536245951770597,0.9188995994535485,0.0
0.056421843919696096,0.04526834870667856,0.007538375196748848,0.49185241808628816,1.013591759244679,0.18158397421454048,0.6841223201226441,0.8851287343378977,0.0
0.10169019262637466,-0.9103059009135366,-0.06449283483259484,0.6172669314375466,0.9939737388756156,0.19529568428261523,0.7164628944401163,0.9299967598697167,0.0
-0.8086157082871619,1.1079152278021287,-0.01499812393262091,0.7891854170435278,1.1122531428217948,0.22154495171203145,0.805192241377428,0.9847295584264361,0.0
0.29929951951496675,0.08959650869490188,0.3815993230716154,1.1619834640548468,1.266271129054622,0.22120967588778337,0.8646834180049717,0.8437421154771952,0.0
0.3888960282098686,-0.692630234436891,0.7216993216046281,1.175036405651516,1.297619154794459,0.6279013857586377,0.8436957052749798,0.8017880893040378,0.0
-0.30373420622702235,0.6528979533532666,0.9761664609758276,1.354352745724732,1.3486544765364965,0.7175404817507265,0.8511492230970339,0.7585216122656404,0.0
0.34916374712624426,0.8252077796077755,1.299026697707688,1.5675328224290705,1.385889857787511,0.30803734678818173,0.5532187218309669,0.6618099658317774,0.0
1.1743715267340198,0.8254279854460109,1.5933689580196766,1.7368726200729387,1.472450705976107,0.09541719588894997,0.39866568009090825,0.6246930112190249,0.0
1.9997995121800307,-0.33856778711416524,1.9423676050380778,1.7589970319570571,1.519525833884948,0.2901583451258888,0.37818107475327717,0.6387340659244988,1.0
1.6612317250658655,-0.350664747633586,1.6283734896984032,1.6226582505887834,1.4862587062607273,0.6484610012470522,0.47981401109003413,0.6278067482506636,1.0
1.3105669774322795,0.5103080712539083,1.7325390304736366,1.5353311004030696,1.5746596934653194,0.6987082324989822,0.541711268328368,0.80722227967993,1.0
1.8208750486861878,1.098489713139838,1.836038947150453,1.3706805463136849,1.6078111671126856,0.6542090188479627,0.8597145877589524,0.8105935381427172,1.0
2.9193647618260257,-2.4895358263443668,1.8803762821262011,1.4353208686000622,1.540484047515999,0.6607275622474729,0.9555213645963605,0.8680294629003941,1.0
0.4298289354816588,1.752230493460372,1.5756264588760365,1.3705587940543973,1.473124637112593,0.39895427023654156,0.8010489788072078,0.7684767922632878,1.0
2.182059428942031,-0.3539928681256699,1.6169430114791639,1.4202019039374023,1.5128110903644627,0.311101693016856,0.7298274125582122,0.7155926569445265,1.0
1.828066560816361,0.21449516274856784,1.3381231703325034,1.3429562073482604,1.4640966351201246,0.30693236879231883,0.6658290608907638,0.6954773853158571,1.0
2.042561723564929,-0.6469460779897265,0.9053221454769169,1.2042468931459511,1.4212662592210679,0.6321032742112339,0.7044128766250383,0.6991538287422496,1.0
1.3956156455752025,-0.7592039470779071,0.9902654550739232,1.2080287918792751,1.3278435507849737,0.8541665247274033,0.7108824450378768,0.7488958652852946,1.0
0.6364116984972954,0.15154852471143343,1.1654911292327583,1.280054635812839,1.3231415186505586,1.1190381930670736,0.784594147683538,0.7486786051679225,1.0
0.7879602232087288,-1.1238987866703,1.223460796395641,1.3498591619326707,1.3709021413445133,1.0711390053060508,0.7385898140254904,0.7264217820240394,1.0
-0.33593856346157125,2.8032168350115323,1.3477892443640178,1.6139882865275683,1.31083314564659,1.0246790364956175,1.06963981456698,0.8650126538082997,1.0
2.467278271549961,-0.1955342551805841,1.5031716408149856,1.844941787911686,1.3356855298590127,0.598010469500851,0.6490106258854429,0.7948954263782876,1.0
2.271744016369377,-1.3454839820576672,1.4257921286846271,1.6456472264319362,1.2697966981796807,0.4727566236351481,0.7584189728050166,0.7282622036659095,1.0
0.9262600343117098,0.4833424287389019,1.39461814239292,1.5756904801707896,1.1687122658073918,0.42390050822015396,0.7148651013948907,0.7198428387061528,1.0
1.4096024630506117,-0.9686290442573432,1.4762575274697,1.6054202767915235,1.1721853973153968,0.37408752912406495,0.6842049785094765,0.7183878919443314,1.0
0.44097341879326846,1.6394072921049,1.8801873286911193,1.5852370628919892,1.2740954297351172,0.972876732540759,0.6957757032594496,0.9641056931244538,1.0
2.0803807108981687,0.03549337401267261,2.186711935008387,1.6382856252961848,1.336080845315046,0.4663971153770343,0.5996999703561698,0.933824508118134,1.0
2.1158740849108413,-0.7814171252152311,1.865502324179245,1.4476583096906726,1.3345524518393816,0.9474087939639275,0.7581981326294512,0.9315937257468562,1.0
1.3344569596956102,2.0947945094620968,1.756762817948659,1.3662284014882777,1.3635354264481458,0.9402553115529415,0.7090501037069644,0.9928440193783061,1.0
3.429251469157707,-1.4556550187781014,1.7345830261133468,1.3919451207563556,1.2983161018090326,0.960956396270144,0.7133681360575341,1.0774546211258476,1.0
1.9735964503796057,-1.4992637936271453,1.2902867970928593,1.0076780047656115,1.1750032643949897,0.24468335538818545,0.47657941416448735,0.8408263096893871,1.0
0.4743326567524605,1.0978438970054505,1.0898593155839826,0.8264292718063391,1.1460510512523259,0.1314599909662172,0.4220963541395094,0.8105106116908823,1.0
1.572176553757911,-0.34861855323886193,1.0298142952020997,0.8939461699274247,1.2526985143136904,0.21980023040712204,0.41557819535180335,0.883336432531833,1.0
1.2235580005190492,-0.015787676463779432,0.9756939850278966,0.7617340514439941,1.2064960137162664,0.17281063498088603,0.39355804208457573,0.8943738140829062,1.0
1.2077703240552697,-0.23631128122004652,1.0493072153993643,0.7389505178392701,1.2557754008746531,0.23097840747007176,0.37718588378979834,0.9421961245650149,1.0
0.9714590428352232,-0.7973514879921768,0.7250692124383635,0.9629537965782452,1.295904487893522,0.5487400139394583,1.0388174512224069,0.9689398536293409,1.0
0.1741075548430464,1.1274674480438482,0.5629992280286953,1.0338760653339072,1.2577547987343252,0.573941941383419,1.0852935877932008,1.0213474162614473,1.0
1.3015750028868946,0.2900491494894937,0.7580780446527493,1.2214465939880905,1.371154020882874,0.5744358653651748,1.079403448703708,1.01990619527409,1.0
1.5916241523763883,-2.0050438431261233,0.5477741178600913,1.3608424514080135,1.33991525024901,0.5227477428298093,1.2766234308205142,1.0427946762658902,1.0
-0.4134196907497347,0.5745288115366163,0.4285938202791758,1.2046870828617091,1.3266674132949374,0.3307508006687092,1.4240083198160847,1.09416850291644,1.0
0.16110912078688155,0.9883925171764352,1.2008383807181269,1.342328524024368,1.4233389190751968,1.4157167377625464,1.149077720194209,0.9773934214007212,1.0
1.1495016379633167,-0.8994462690397118,1.504752902639119,1.4656728306983127,1.4975877307392154,1.1531952423818645,0.9946087054498174,0.9356552034680118,1.0
0.2500553689236049,0.7456672955482055,1.6848151433234313,1.6114508586999563,1.519343111537709,1.1549502070159643,1.093688180506579,0.9860876115920756,1.0
0.9957226644718105,2.45208044697321,2.173910784955936,1.651257975988539,1.6039622943786493,0.7083388887744283,0.9995631799126722,0.9372602880235181,1.0
3.4478031114450207,-1.7671213810531785,1.9807803454442428,1.7726002839100363,1.647407982229138,1.3126243345114577,0.9729904458911565,0.9758945345617381,1.0
1.6806817303918422,0.3691311109930371,1.483818667330609,1.628855179208799,1.5089160492125313,0.8423997813202305,0.6773499303416332,0.7824431277631745,1.0
2.0498128413848793,0.6457207357012482,1.426592758757506,1.4816335321347434,1.4946022424475889,0.8329676644719729,0.8571578701917426,0.8449832159100854,1.0
2.6955335770861275,-2.6654631101727837,1.538086574076481,1.5208614477776576,1.444128551635108,1.0216615174805652,0.9155843145095582,0.8912287503311045,1.0
0.03007046691334403,0.9329242539635089,1.128605167021142,1.3189880490900059,1.3189880490900059,0.7444555536078958,0.8080900262145676,0.8080900262145676,1.0
0.9629947208768529,0.43155746664947403,1.56442022237583,1.462201113776302,1.462201113776302,0.5466786812300832,0.6927779879366637,0.6927779879366637,1.0
1.394552187526327,1.212729730453428,1.7738916910869889,1.524601912888733,1.524601912888733,0.4702288998074512,0.7443304988599168,0.7443304988599168,1.0
2.607281917979755,-1.959155376170322,1.5366743055119805,1.5431804450833622,1.5431804450833622,0.8752891024435835,0.8479021324004211,0.8479021324004211,1.0
0.6481265418094329,1.5610192018773503,1.5036363214788342,1.3658301996006301,1.3658301996006301,0.8089137015865306,0.7690473874576608,0.7690473874576608,1.0
2.209145743686783,-0.19879367925413627,1.5093709311588699,1.5093709311588699,1.5093709311588699,0.7992332152515456,0.7992332152515456,0.7992332152515456,1.0
2.010352064432647,-1.8018868047813617,1.3344272280268916,1.3344272280268916,1.3344272280268916,0.8460150227367831,0.8460150227367831,0.8460150227367831,1.0
0.20846525965128526,2.2336267381627377,1.1091189492249731,1.1091189492249731,1.1091189492249731,0.9249647483289786,0.9249647483289786,0.9249647483289786,1.0
2.442091997814023,-1.765292407604412,1.559445794011817,1.559445794011817,1.559445794011817,0.7790643210864454,0.7790643210864454,0.7790643210864454,1.0
0.6767995902096109,0.0,0.6767995902096109,0.6767995902096109,0.6767995902096109,0.0,0.0,0.0,1.0
-0.7642173549121081,1.539931509027423,0.20891722524189907,0.4675471617157759,0.3416206420009743,0.9061924056615254,0.739779156205955,0.5038784440884928,0.0
0.7757141541153151,0.5781815353989518,0.5559565939384828,0.5782418969698162,0.4628964874367882,0.7125056786558956,0.5773593817957247,0.515104351144388,0.0
1.3538956895142669,-0.5980724932611228,0.2818336146373689,0.5446910361232378,0.4479320972485004,0.8925981155403375,0.574239595726546,0.5099968264008927,0.0
0.7558231962531441,-1.832452755014267,0.2408590121173627,0.33464979838798264,0.39131867181035707,0.8114591529573195,0.631362795712008,0.4683139406970359,0.0
-1.076629558761123,2.0476090473319344,0.30335997975963497,0.3070699463867153,0.3725371376608194,0.8914561564014003,0.6149768298797302,0.4613242068252643,0.0
0.9709794885708112,-1.5658802309610662,0.7261770981896529,0.43546020451696055,0.4964601483206431,0.43958701866942135,0.4080262820432422,0.3939353457370493,0.0
-0.594900742390255,1.7439234193044912,0.6005272000011495,0.36656446816729854,0.4422886586624501,0.4412198154731569,0.37695589361903376,0.3982809622150667,0.0
1.1490226769142362,-0.08069464244973079,0.8075484576091068,0.41603711351445777,0.4490794680929218,0.11769302785235522,0.3038513226067546,0.38507043784505746,0.0
1.0683280344645054,-0.030872001075538114,0.42844058465860274,0.27170489825985833,0.41970183230056435,0.4336730152881743,0.27975055761919343,0.3603429487271039,0.0
1.0374560333889673,-0.6947260357606744,0.31077991301379565,0.20245652808461254,0.2511221053903435,0.33846997565331216,0.21257888091441504,0.681615854849249,0.0
0.3427299976282929,0.09747554802123903,0.14474331084426834,0.21569412228617235,0.1818165202101016,0.20743292088366383,0.23626275523606602,0.663883207401543,0.0
0.44020554564953196,-1.1867222334878162,0.13260173633344768,0.34755107790376016,0.16534535022930597,0.20321485199059358,0.4262401934923673,0.6637370302942202,0.0
-0.7465166878382843,1.2265413640787548,0.024525769419808757,0.35117315837376306,0.1503009612549393,0.18344735225155667,0.427029472570909,0.6597671620599044,0.0
0.4800246762404704,-0.2727516536991397,0.114969211861114,0.4479875452327313,0.15136903733201462,0.07669594916844165,0.29884236325214164,0.6578730980505358,0.0
0.20727302254133076,0.07474910253285891,0.09413314315542946,0.43800432893492347,0.0983681675017419,0.06321987473048597,0.299099677504158,0.676407780429536,0.0
0.28202212507418967,-0.3821964139928524,0.28664493372807637,0.5574600921243255,0.15183281843445345,0.25502455429993887,0.3724024231427515,0.7423638096364515,0.0
-0.10017428891866276,-0.19412518671309525,0.5625004194740726,0.5180128491576016,0.16559180820409697,0.5568590961111196,0.4081377247588077,0.7495432425029397,0.0
-0.294299475631758,0.6701438083438057,0.6778205473277173,0.48212182267138565,0.17415915740733007,0.4572145594693894,0.46410595869118243,0.7463840105571103,0.0
0.3758443327120477,0.7939876426925174,0.7810058786043487,0.56769876634127,0.27791664496468915,0.2991863566126222,0.39712915486411626,0.8537185372398242,0.0
1.1698319754045652,0.49146757839960564,0.7818755147144176,0.29978768269607464,0.34066349345044383,0.29848469545903944,1.145916151955083,0.9408140177141024,0.0
1.6612995538041708,-1.1848732034546097,0.8282752505205746,0.1479389181340308,0.3612019577227129,0.3430985919511933,1.089208275722171,0.9828884539773176,0.0
0.47642635034956116,-0.25479916959816223,0.4735252788411305,-0.016860377445148157,0.3881388205045056,0.25545806558116996,0.8348360127013181,1.0667158520284645,0.0
0.22162718075139892,0.1585653325109928,0.28642309801505395,-0.05057123586388444,0.4217027485822088,0.3944013762487459,0.8118055723982126,1.0940466127243187,0.0
0.38019251326239173,1.0216381411729585,0.3543916540781914,-0.14524947056870213,0.5084203776924284,0.404072104831583,0.8409387543904346,1.202225451725436,0.0
1.4018306544353503,-1.5142809590283997,-0.18230014932226837,-0.24126799393143966,0.56970224053996,1.5285302528908344,0.8230104390487816,1.2578632344901783,0.0
-0.11245030459304928,-0.3466342491877726,-0.532397414252513,-0.25379445525541855,0.4942560077111187,0.9096029091628012,0.7832582258079946,1.2404518732868977,0.0
-0.45908455378082186,1.020554514847908,-0.507246033731427,-0.1868292327494076,0.4754298316651844,0.933257776038818,0.8425475800335681,1.270029866159871,0.0
0.5614699610670862,-2.864736464806993,-0.3875655697428229,-0.1338035078567256,0.401441805853301,1.0020794064146608,0.8389800560299566,1.5123259464110397,0.0
-2.303266503739907,1.954610833524034,-0.6448905952155958,-0.011865476411891706,0.4452764577647814,0.7785228970724608,1.142360563876509,1.5628635608265173,0.0
-0.348655670215873,0.36196226822825417,-0.3002358385406111,0.3815393042048131,0.6222012094348526,0.1105362118110261,0.732370219663468,1.18503798630585,0.0
0.013306598012381154,0.1260111681498172,0.02480850374167578,0.5744649973113951,0.6289251962009247,0.501674324929315,0.7856063841232561,1.172840956647383,0.0
0.13931776616219835,-0.8644729324589765,0.13358756823261161,0.7931380184541593,0.5916732655382815,0.5465035313252165,0.9705469906758847,1.2450733397398823,0.0
-0.7251551662967781,0.14516244593179417,0.11995855402937172,0.893976733028302,0.6751407658350473,0.5470903375398855,0.9302022202812473,1.30192902269307,0.0
-0.579992720364984,1.8565587615605454,0.6211596423918122,1.162090225953559,0.7266252061675906,0.7047566286076703,0.708943608008978,1.2081044222923305,0.0
1.2765660411955615,-0.7193641207285011,1.0633144469502374,1.3806724750113597,0.7847880044660187,0.42456953698482297,0.3773705875343817,1.1203866234764506,0.0
0.5572019204670604,-0.48602922532106163,1.1241214908811146,1.242306470677656,0.7147571869566032,0.46529392147047954,0.5784865304768987,1.144689380205464,0.0
0.0711726951459988,1.7096775803694257,1.4526884686757071,1.1376888960797764,0.7754615236725444,0.52457685725166,0.8203380154875924,1.1955761177350877,0.0
1.7808502755154245,-0.15006897308828338,1.6679949120272326,0.9366871195633275,0.8730723168315937,0.11510582018096856,1.6126967450950331,1.2391132072856548,0.0
1.6307813024271411,-0.0501800415771938,1.703020809515306,0.9024183919414547,0.7865919743540177,0.127918794945382,1.5654090618109457,1.2242014528302474,0.0
1.5806012608499473,0.6194355485900764,1.698030503072482,0.8628631146648921,0.7096458538790894,0.12873940213425214,1.5218694476903267,1.2067806690138227,0.0
2.2000368094400238,-1.052331897536398,1.3604914504741976,0.6833853950904544,0.7397841539375571,0.6637437605843,1.5541437026453355,1.2765369252773584,0.0
1.1477049119036258,0.8082748510521658,0.8226893234838457,0.3902085126224038,0.6711745159754379,0.9176497122522866,1.4384235954689688,1.165600479227432,0.0
1.9559797629557916,-0.3501499927427698,0.205379327099423,0.4563047986417924,0.6768308054403284,2.040665495372239,1.5778774640300774,1.1715991455435115,0.0
1.6058297702130218,-1.7129237723544972,0.10181597436760322,0.291160186381622,0.6137325737977648,1.7209708666263186,1.3280056696612952,1.0858214209821562,0.0
-0.10709400214147541,-0.3818798233702606,0.027695726257302367,0.18890353392067752,0.6255687288079839,1.5199903599272935,1.1532460549443169,1.1119684501291986,0.0
-0.488973825511736,-1.449871244506751,0.006279339706711096,0.18720790323555023,0.613158019187485,1.5275984242317058,1.154275736424838,1.133080667488752,0.0
-1.938845070018487,3.3770080693151794,-0.04227229823903791,0.41323415126531265,0.6824687359560384,1.5851181751589105,1.3083968813404878,1.071577104950092,0.0
1.4381629992966927,-0.20293446963517536,0.707230270184162,0.8094575140998593,0.9493173947788257,0.9891622481503954,0.8574359832230817,1.0255448855890623,0.0
1.2352285296615173,-1.4494044645559487,0.48050439839564085,0.6707655567665809,0.9029812741481656,0.8633380114498523,0.8561623258272704,1.0210361532145296,0.0
-0.21417593489443137,-0.5175560803460497,0.3501113415840527,0.5564285930932864,0.9481353543868754,0.7345258354580765,0.8447408323319084,1.0897797199654846,0.0
-0.7317320152404811,2.5403997873379938,0.36813646676438927,0.79618291278466,0.9710965362700168,0.7154827584167522,0.9925685079103943,1.0464207397253946,1.0
1.8086677720975124,-1.5041341317434256,0.8687406007696632,0.9521405193284718,1.2123497716272065,0.6167033364419461,0.7348935729055408,1.3306542929403047,1.0
0.3045336403540867,0.2787296052494902,0.9116847580155568,0.8973568122388643,1.1664128105088423,0.7048088994985687,0.6680573877079296,1.3159621028757464,1.0
0.5832632456035769,-0.7073135545963252,0.8610267151375212,0.9363049612139077,1.3043535786749896,0.7765880234353845,0.635531282056317,1.4397110082037181,1.0
-0.12405030899274827,1.8953389637786362,0.7627458446025202,1.0622339236952905,1.3046589378913924,0.8698222126650912,0.6893378604621417,1.4392723966863632,1.0
1.771288654785888,0.2520999035410929,1.2242293588049307,1.0391081351394196,1.4155392639906794,0.9032067375028671,0.7490185959937328,1.3560353898970026,1.0
2.023388558326981,-1.9721451323630728,1.0355404378872801,0.9517033206467639,1.4590965964319058,0.8391727165379038,0.6897828053725212,1.4230739618367783,1.0
0.051243425963908074,0.04061546696466434,0.883028866462172,1.089177275457792,1.4094772046984043,0.6308952958569307,1.1545322155079742,1.4138539107021535,1.0
0.09185889292857241,2.0915083690907323,1.0115832072902944,1.1351969915297502,1.5197878117039894,0.48314091201257564,1.0780617018037006,1.3453988958676417,1.0
2.183367262019305,-1.3555232118216693,1.3617220027880605,1.3398421156804643,1.510091457136383,0.32946728922183743,1.0279502339128352,1.3748766726013257,1.0
0.8278440501976355,0.4329866510038035,0.8539869114739084,1.1460101597553733,1.4854276183294306,0.5262907195817663,1.0390834201788408,1.3532233347020302,1.0
1.260830701201439,-0.5668155710969199,0.8678662034062476,1.4725590239259407,1.4611343351593922,0.5263355697527385,1.7909973030113355,1.3963861708956233,1.0
0.6940151301045191,1.1485377403128845,1.295325684453412,1.4354688087788199,1.4774631549625687,1.5931748020961665,1.8190845576334547,1.394910703773109,1.0
1.8425528704174035,-2.1978610649688584,1.2588107757692062,1.6724021961360709,1.5139550072326489,1.6424217562868282,1.9729711647210917,1.3630332149642228,1.0
-0.3553081945514547,1.2525487044107868,1.3179622285728683,1.5470839520874946,1.432266400374278,1.725475719684151,2.0716671578946233,1.4361353529625904,1.0
0.8972405098593321,2.5008875965779285,1.4380334080368378,1.791970392841939,1.566577697331415,1.3813209657021996,1.6796513942638047,1.2987033937742383,1.0
3.3981281064372606,-2.886687519753771,2.077251844445634,1.966489872217047,1.675383725989969,2.3243522218938097,1.6414692456770816,1.3779838369460682,1.0
0.5114405866834897,1.6268695477522233,1.5756119331042278,1.7297771339390167,1.588652548577942,2.005714122579369,1.46799151655325,1.2220761855240285,1.0
2.138310134435713,-1.8932624316673186,2.085993616502936,1.9043786318782285,1.6461281038522881,1.9614048471531937,1.3169158920069948,1.1610148238357196,1.0
0.24504770276839438,3.8482849891349167,1.7762056756021214,1.680340798592302,1.5582974413486508,2.31286506773247,1.6638334347574684,1.221127756439394,1.0
4.093332691903311,-3.20340414217308,2.1459073776470405,1.8248450769034883,1.6361290749561177,1.727439044399557,1.4369548268554753,1.131800512072966,1.0
0.8899285497302309,2.1734204539468,1.8557278999884605,1.4497096463928438,1.458227335505149,0.9340498404764214,1.0015139917530858,0.8588504658866576,1.0
3.063349003677031,-2.4739785737453923,1.8839423347738056,1.5194575011463176,1.5498083707842025,0.8827350922302688,0.9672097996899625,0.9141143180213469,1.0
0.5893704299316386,1.5041857830613514,1.722763647253521,1.3555078183292264,1.4446617933613854,0.60645893158033,0.7028842418645603,0.8058873354741728,1.0
2.09355621299299,0.5488790906174223,1.5844759215824828,1.3174488486610614,1.4447954396650382,0.9964216524942515,0.7742374076677232,0.805659061780991,1.0
2.6424353036104122,-1.6114345799534573,1.5037827761599354,1.3411850018208902,1.4746413621007972,0.9403086073939073,0.8161516589056725,0.8613095918559953,1.0
1.031000723656955,1.2264548424186552,1.0436913927972273,1.3842775797628908,1.3532500535232186,0.7392764985240814,0.9450128514726929,0.8577706686037156,1.0
2.25745556607561,-2.3595237644991633,1.1549726675188299,1.4475279632168672,1.2364367746694467,0.7859861192607415,0.9363285573081368,1.192318170478746,1.0
-0.10206819842355319,1.7921586843038062,0.9882519894049319,1.387877575826348,1.1374379855720202,0.5295558643910488,0.8717270852130907,1.176373367101268,1.0
1.690090485880253,-1.3481120990833813,1.05042177573964,1.4362540841049993,1.216111931757451,0.4094462474952305,0.7486329160267167,1.0989418878282884,1.0
0.34197838679687176,1.245428710468097,1.1785872274818452,1.4474130730087476,1.2594555499641087,0.6391186379774156,0.7554187385084572,1.1757244943500191,1.0
1.5874070972649688,-0.1635549217588499,1.7248637667285547,1.4667450246174538,1.3077438217097528,0.9187513029176844,0.7160418379646015,1.1909695871311339,1.0
1.4238521755061189,-1.2150714422561317,1.7400832589149047,1.5801592404220872,1.2922069730677963,0.9154937932736003,0.8591764857771793,1.2525480845452366,1.0
0.20878073324998714,2.1221370113412927,1.7875031622477635,1.5338157683935445,1.284463137630248,0.8944970873898113,0.8929935665557156,1.3251479778650237,1.0
2.3309177445912797,0.7424433384391391,1.822086392470359,1.572142030669015,1.3516932879040142,0.7900864442011193,0.8046464074135906,1.3311315436824234,1.0
3.0733610830304188,-1.4098565248337,1.7162389185356492,1.6080977223807043,1.2864116574581965,0.7271841685929908,0.8708463246079969,1.351686586215956,1.0
1.6635045581967187,-0.0025528660263036684,1.2086262825063536,1.3222225272835466,1.1587724127744665,0.380081802953485,0.7686030709656313,1.203858976337027,1.0
1.660951692170415,-1.2792548078074546,1.4202352219292698,1.0253455861220262,1.1199468631266007,0.7517077948989761,1.35918880388463,1.2753595867019125,1.0
0.38169688436296056,1.419983490554773,1.2801283745393253,0.8869983953176925,1.0748631273729496,0.7627754581205284,1.3555796722559346,1.3552164902768398,1.0
1.8016803749177335,-1.2663824720337928,1.3221976688676713,0.9959697794099023,1.1378782403738577,0.6942620026335002,1.3523257251494374,1.4307671357947094,1.0
0.5352979028839406,2.186251352427358,1.4999565262257595,1.07149802691947,1.07149802691947,0.9911194440113587,1.5253741892534298,1.5253741892534298,1.0
2.7215492553112988,-1.7611318000906064,1.435818772060739,1.1310758184789735,1.1310758184789735,1.131316125322818,1.6593650778105127,1.6593650778105127,1.0
0.9604174552206923,-0.3683740992160006,0.6304559503147829,0.9322666388749328,0.9322666388749328,1.6547941639343289,1.5110599034833412,1.5110599034833412,1.0
0.5920433560046917,2.098431305703482,0.4938684160960599,0.9282450936826814,0.9282450936826814,1.6392815252657378,1.726796221375095,1.726796221375095,1.0
2.6904746617081736,-2.4758655296493344,0.6697418899521332,0.9842787166290129,0.9842787166290129,1.7975401759452339,1.992617223300836,1.992617223300836,1.0
0.21460913205883925,-1.5198739854773227,0.6430395276131808,0.6430395276131808,0.6430395276131808,1.6924755632399058,1.6924755632399058,1.6924755632399058,1.0
-1.3052648534184834,1.5827446375455614,0.7501471265017662,0.7501471265017662,0.7501471265017662,2.0582342653514925,2.0582342653514925,2.0582342653514925,1.0
0.27747978412707797,1.1939309411579806,1.4352844531418494,1.4352844531418494,1.4352844531418494,0.8666597283799092,0.8666597283799092,0.8666597283799092,1.0
1.4714107252850586,1.085552124728353,2.014186787649235,2.014186787649235,2.014186787649235,0.29460585387556043,0.29460585387556043,0.29460585387556043,1.0
2.5569628500134116,0.0,2.5569628500134116,2.5569628500134116,2.5569628500134116,0.0,0.0,0.0,1.0
